"x_velocity","arc_length","Points:0","Points:1","Points:2"
18.167,0,0.47325,0,-0.325
16.973,0.00082499,0.47325,0,-0.32418
16.606,0.00165,0.47325,0,-0.32335
14.719,0.002475,0.47325,0,-0.32252
0,0.0033,0.47325,0,-0.3217
0,0.004125,0.47325,0,-0.32087
0,0.00495,0.47325,0,-0.32005
0,0.005775,0.47325,0,-0.31923
0,0.0066,0.47325,0,-0.3184
0,0.007425,0.47325,0,-0.31758
0,0.00825,0.47325,0,-0.31675
0,0.009075,0.47325,0,-0.31593
22,0.0099,0.47325,0,-0.3151
0,0.010725,0.47325,0,-0.31427
0,0.01155,0.47325,0,-0.31345
0,0.012375,0.47325,0,-0.31262
0,0.0132,0.47325,0,-0.3118
0,0.014025,0.47325,0,-0.31097
0,0.01485,0.47325,0,-0.31015
0.12838,0.015675,0.47325,0,-0.30933
0.23729,0.0165,0.47325,0,-0.3085
0.43137,0.017325,0.47325,0,-0.30768
0.55959,0.01815,0.47325,0,-0.30685
0.67773,0.018975,0.47325,0,-0.30602
0.7886,0.0198,0.47325,0,-0.3052
0.91392,0.020625,0.47325,0,-0.30437
1.0392,0.02145,0.47325,0,-0.30355
1.1646,0.022275,0.47325,0,-0.30272
1.2899,0.0231,0.47325,0,-0.3019
1.3984,0.023925,0.47325,0,-0.30108
1.5059,0.02475,0.47325,0,-0.30025
1.6133,0.025575,0.47325,0,-0.29943
1.7208,0.0264,0.47325,0,-0.2986
1.8271,0.027225,0.47325,0,-0.29778
1.9222,0.02805,0.47325,0,-0.29695
2.0173,0.028875,0.47325,0,-0.29612
2.1124,0.0297,0.47325,0,-0.2953
2.2076,0.030525,0.47325,0,-0.29447
2.2814,0.03135,0.47325,0,-0.29365
2.3268,0.032175,0.47325,0,-0.29283
2.3062,0.033,0.47325,0,-0.292
2.5336,0.033825,0.47325,0,-0.29118
2.4717,0.03465,0.47325,0,-0.29035
2.8078,0.035475,0.47325,0,-0.28953
2.9492,0.0363,0.47325,0,-0.2887
0,0.037125,0.47325,0,-0.28787
3.1154,0.03795,0.47325,0,-0.28705
3.1838,0.038775,0.47325,0,-0.28622
3.241,0.0396,0.47325,0,-0.2854
3.3334,0.040425,0.47325,0,-0.28457
3.4257,0.04125,0.47325,0,-0.28375
3.5181,0.042075,0.47325,0,-0.28293
3.6104,0.0429,0.47325,0,-0.2821
3.7028,0.043725,0.47325,0,-0.28128
3.7951,0.04455,0.47325,0,-0.28045
3.8875,0.045375,0.47325,0,-0.27962
3.9798,0.0462,0.47325,0,-0.2788
4.0722,0.047025,0.47325,0,-0.27797
4.1522,0.04785,0.47325,0,-0.27715
4.23,0.048675,0.47325,0,-0.27632
4.3078,0.0495,0.47325,0,-0.2755
4.3857,0.050325,0.47325,0,-0.27468
4.4635,0.05115,0.47325,0,-0.27385
4.5413,0.051975,0.47325,0,-0.27303
4.6191,0.0528,0.47325,0,-0.2722
4.6969,0.053625,0.47325,0,-0.27138
4.7747,0.05445,0.47325,0,-0.27055
4.8501,0.055275,0.47325,0,-0.26972
4.9116,0.0561,0.47325,0,-0.2689
4.9732,0.056925,0.47325,0,-0.26807
5.0347,0.05775,0.47325,0,-0.26725
5.0963,0.058575,0.47325,0,-0.26643
5.1578,0.0594,0.47325,0,-0.2656
5.2194,0.060225,0.47325,0,-0.26478
5.2809,0.06105,0.47325,0,-0.26395
5.3425,0.061875,0.47325,0,-0.26313
5.404,0.0627,0.47325,0,-0.2623
5.459,0.063525,0.47325,0,-0.26147
5.5061,0.06435,0.47325,0,-0.26065
5.5532,0.065175,0.47325,0,-0.25982
5.6003,0.066,0.47325,0,-0.259
5.6474,0.066825,0.47325,0,-0.25817
5.6945,0.06765,0.47325,0,-0.25735
5.7416,0.068475,0.47325,0,-0.25653
5.7887,0.0693,0.47325,0,-0.2557
5.8358,0.070125,0.47325,0,-0.25488
5.8829,0.07095,0.47325,0,-0.25405
5.9197,0.071775,0.47325,0,-0.25322
5.9533,0.0726,0.47325,0,-0.2524
5.9869,0.073425,0.47325,0,-0.25157
6.0204,0.07425,0.47325,0,-0.25075
6.054,0.075075,0.47325,0,-0.24993
6.0876,0.0759,0.47325,0,-0.2491
6.1211,0.076725,0.47325,0,-0.24827
6.1547,0.07755,0.47325,0,-0.24745
6.1883,0.078375,0.47325,0,-0.24663
6.2211,0.0792,0.47325,0,-0.2458
6.2413,0.080025,0.47325,0,-0.24498
6.2616,0.08085,0.47325,0,-0.24415
6.2819,0.081675,0.47325,0,-0.24332
6.3021,0.0825,0.47325,0,-0.2425
6.3224,0.083325,0.47325,0,-0.24168
6.3427,0.08415,0.47325,0,-0.24085
6.3629,0.084975,0.47325,0,-0.24002
6.3832,0.0858,0.47325,0,-0.2392
6.4035,0.086625,0.47325,0,-0.23837
6.4189,0.08745,0.47325,0,-0.23755
6.4259,0.088275,0.47325,0,-0.23673
6.4329,0.0891,0.47325,0,-0.2359
6.4399,0.089925,0.47325,0,-0.23507
6.4469,0.09075,0.47325,0,-0.23425
6.4538,0.091575,0.47325,0,-0.23343
6.4608,0.0924,0.47325,0,-0.2326
6.4678,0.093225,0.47325,0,-0.23178
6.4748,0.09405,0.47325,0,-0.23095
6.4818,0.094875,0.47325,0,-0.23012
6.4804,0.0957,0.47325,0,-0.2293
6.4748,0.096525,0.47325,0,-0.22848
6.4692,0.09735,0.47325,0,-0.22765
6.4637,0.098175,0.47325,0,-0.22682
6.4581,0.099,0.47325,0,-0.226
6.4525,0.099825,0.47325,0,-0.22517
6.447,0.10065,0.47325,0,-0.22435
6.4414,0.10147,0.47325,0,-0.22353
6.4358,0.1023,0.47325,0,-0.2227
6.4303,0.10312,0.47325,0,-0.22187
6.4152,0.10395,0.47325,0,-0.22105
6.3998,0.10477,0.47325,0,-0.22023
6.3845,0.1056,0.47325,0,-0.2194
6.3691,0.10642,0.47325,0,-0.21858
6.3537,0.10725,0.47325,0,-0.21775
6.3384,0.10807,0.47325,0,-0.21692
6.323,0.1089,0.47325,0,-0.2161
6.3076,0.10972,0.47325,0,-0.21528
6.2923,0.11055,0.47325,0,-0.21445
6.2753,0.11137,0.47325,0,-0.21362
6.254,0.1122,0.47325,0,-0.2128
6.2327,0.11302,0.47325,0,-0.21197
6.2114,0.11385,0.47325,0,-0.21115
6.1902,0.11467,0.47325,0,-0.21033
6.1689,0.1155,0.47325,0,-0.2095
6.1476,0.11632,0.47325,0,-0.20867
6.1263,0.11715,0.47325,0,-0.20785
6.105,0.11797,0.47325,0,-0.20703
6.0837,0.1188,0.47325,0,-0.2062
6.0607,0.11962,0.47325,0,-0.20538
6.0363,0.12045,0.47325,0,-0.20455
6.0119,0.12127,0.47325,0,-0.20372
5.9875,0.1221,0.47325,0,-0.2029
5.9631,0.12292,0.47325,0,-0.20208
5.9387,0.12375,0.47325,0,-0.20125
5.9143,0.12457,0.47325,0,-0.20042
5.8899,0.1254,0.47325,0,-0.1996
5.8655,0.12622,0.47325,0,-0.19877
5.8411,0.12705,0.47325,0,-0.19795
5.8148,0.12787,0.47325,0,-0.19713
5.7882,0.1287,0.47325,0,-0.1963
5.7617,0.12952,0.47325,0,-0.19547
5.7351,0.13035,0.47325,0,-0.19465
5.7086,0.13117,0.47325,0,-0.19383
5.682,0.132,0.47325,0,-0.193
5.6555,0.13282,0.47325,0,-0.19218
5.6289,0.13365,0.47325,0,-0.19135
5.6024,0.13447,0.47325,0,-0.19052
5.5753,0.1353,0.47325,0,-0.1897
5.5463,0.13612,0.47325,0,-0.18888
5.5172,0.13695,0.47325,0,-0.18805
5.4881,0.13777,0.47325,0,-0.18722
5.4591,0.1386,0.47325,0,-0.1864
5.43,0.13942,0.47325,0,-0.18557
5.4009,0.14025,0.47325,0,-0.18475
5.3719,0.14107,0.47325,0,-0.18393
5.3428,0.1419,0.47325,0,-0.1831
5.3137,0.14272,0.47325,0,-0.18227
5.2831,0.14355,0.47325,0,-0.18145
5.2507,0.14437,0.47325,0,-0.18063
5.2184,0.1452,0.47325,0,-0.1798
5.186,0.14602,0.47325,0,-0.17898
5.1537,0.14685,0.47325,0,-0.17815
5.1213,0.14767,0.47325,0,-0.17732
5.0889,0.1485,0.47325,0,-0.1765
5.0566,0.14932,0.47325,0,-0.17568
5.0242,0.15015,0.47325,0,-0.17485
4.9919,0.15097,0.47325,0,-0.17402
4.9564,0.1518,0.47325,0,-0.1732
4.92,0.15262,0.47325,0,-0.17237
4.8837,0.15345,0.47325,0,-0.17155
4.8473,0.15427,0.47325,0,-0.17073
4.811,0.1551,0.47325,0,-0.1699
4.7746,0.15592,0.47325,0,-0.16907
4.7382,0.15675,0.47325,0,-0.16825
4.7019,0.15757,0.47325,0,-0.16743
4.6655,0.1584,0.47325,0,-0.1666
4.6288,0.15922,0.47325,0,-0.16578
4.5879,0.16005,0.47325,0,-0.16495
4.547,0.16087,0.47325,0,-0.16412
4.5061,0.1617,0.47325,0,-0.1633
4.4652,0.16252,0.47325,0,-0.16248
4.4243,0.16335,0.47325,0,-0.16165
4.3834,0.16417,0.47325,0,-0.16082
4.3425,0.165,0.47325,0,-0.16
4.3017,0.16582,0.47325,0,-0.15917
4.2608,0.16665,0.47325,0,-0.15835
4.2182,0.16747,0.47325,0,-0.15753
4.1729,0.1683,0.47325,0,-0.1567
4.1276,0.16912,0.47325,0,-0.15587
4.0823,0.16995,0.47325,0,-0.15505
4.037,0.17077,0.47325,0,-0.15423
3.9917,0.1716,0.47325,0,-0.1534
3.9465,0.17242,0.47325,0,-0.15258
3.9012,0.17325,0.47325,0,-0.15175
3.8559,0.17407,0.47325,0,-0.15092
3.8106,0.1749,0.47325,0,-0.1501
3.7633,0.17572,0.47325,0,-0.14928
3.7151,0.17655,0.47325,0,-0.14845
3.6669,0.17737,0.47325,0,-0.14762
3.6187,0.1782,0.47325,0,-0.1468
3.5705,0.17902,0.47325,0,-0.14597
3.5223,0.17985,0.47325,0,-0.14515
3.4742,0.18067,0.47325,0,-0.14433
3.426,0.1815,0.47325,0,-0.1435
3.3778,0.18232,0.47325,0,-0.14267
3.3296,0.18315,0.47325,0,-0.14185
3.2815,0.18397,0.47325,0,-0.14103
3.2335,0.1848,0.47325,0,-0.1402
3.1854,0.18562,0.47325,0,-0.13938
3.1373,0.18645,0.47325,0,-0.13855
3.0893,0.18727,0.47325,0,-0.13772
3.0412,0.1881,0.47325,0,-0.1369
2.9931,0.18892,0.47325,0,-0.13608
2.945,0.18975,0.47325,0,-0.13525
2.897,0.19057,0.47325,0,-0.13442
2.8501,0.1914,0.47325,0,-0.1336
2.806,0.19222,0.47325,0,-0.13277
2.762,0.19305,0.47325,0,-0.13195
2.7179,0.19387,0.47325,0,-0.13113
2.6738,0.1947,0.47325,0,-0.1303
2.6297,0.19552,0.47325,0,-0.12947
2.5857,0.19635,0.47325,0,-0.12865
2.5416,0.19717,0.47325,0,-0.12783
2.4975,0.198,0.47325,0,-0.127
2.4535,0.19882,0.47325,0,-0.12618
2.4139,0.19965,0.47325,0,-0.12535
2.3772,0.20047,0.47325,0,-0.12453
2.3405,0.2013,0.47325,0,-0.1237
2.3039,0.20212,0.47325,0,-0.12287
2.2672,0.20295,0.47325,0,-0.12205
2.2305,0.20377,0.47325,0,-0.12122
2.1938,0.2046,0.47325,0,-0.1204
2.1572,0.20542,0.47325,0,-0.11958
2.1205,0.20625,0.47325,0,-0.11875
2.0838,0.20707,0.47325,0,-0.11793
2.0556,0.2079,0.47325,0,-0.1171
2.0283,0.20872,0.47325,0,-0.11627
2.001,0.20955,0.47325,0,-0.11545
1.9736,0.21037,0.47325,0,-0.11462
1.9463,0.2112,0.47325,0,-0.1138
1.9189,0.21202,0.47325,0,-0.11298
1.8916,0.21285,0.47325,0,-0.11215
1.8642,0.21367,0.47325,0,-0.11133
1.8369,0.2145,0.47325,0,-0.1105
1.8115,0.21532,0.47325,0,-0.10967
1.7935,0.21615,0.47325,0,-0.10885
1.7755,0.21697,0.47325,0,-0.10802
1.7575,0.2178,0.47325,0,-0.1072
1.7394,0.21862,0.47325,0,-0.10638
1.7214,0.21945,0.47325,0,-0.10555
1.7034,0.22027,0.47325,0,-0.10473
1.6854,0.2211,0.47325,0,-0.1039
1.6673,0.22192,0.47325,0,-0.10307
1.6493,0.22275,0.47325,0,-0.10225
1.6353,0.22357,0.47325,0,-0.10142
1.6252,0.2244,0.47325,0,-0.1006
1.615,0.22522,0.47325,0,-0.099775
1.6048,0.22605,0.47325,0,-0.09895
1.5947,0.22687,0.47325,0,-0.098125
1.5845,0.2277,0.47325,0,-0.0973
1.5743,0.22852,0.47325,0,-0.096475
1.5641,0.22935,0.47325,0,-0.09565
1.554,0.23017,0.47325,0,-0.094825
1.5438,0.231,0.47325,0,-0.094
1.5383,0.23182,0.47325,0,-0.093175
1.5339,0.23265,0.47325,0,-0.09235
1.5294,0.23347,0.47325,0,-0.091525
1.525,0.2343,0.47325,0,-0.0907
1.5205,0.23512,0.47325,0,-0.089875
1.5161,0.23595,0.47325,0,-0.08905
1.5117,0.23677,0.47325,0,-0.088225
1.5072,0.2376,0.47325,0,-0.0874
1.5028,0.23842,0.47325,0,-0.086575
1.4988,0.23925,0.47325,0,-0.08575
1.498,0.24007,0.47325,0,-0.084925
1.4972,0.2409,0.47325,0,-0.0841
1.4964,0.24172,0.47325,0,-0.083275
1.4956,0.24255,0.47325,0,-0.08245
1.4947,0.24337,0.47325,0,-0.081625
1.4939,0.2442,0.47325,0,-0.0808
1.4931,0.24502,0.47325,0,-0.079975
1.4923,0.24585,0.47325,0,-0.07915
1.4915,0.24667,0.47325,0,-0.078325
1.4916,0.2475,0.47325,0,-0.0775
1.4928,0.24832,0.47325,0,-0.076675
1.494,0.24915,0.47325,0,-0.07585
1.4951,0.24997,0.47325,0,-0.075025
1.4963,0.2508,0.47325,0,-0.0742
1.4975,0.25163,0.47325,0,-0.073375
1.4987,0.25245,0.47325,0,-0.07255
1.4999,0.25327,0.47325,0,-0.071725
1.5011,0.2541,0.47325,0,-0.0709
1.5023,0.25492,0.47325,0,-0.070075
1.504,0.25575,0.47325,0,-0.06925
1.5059,0.25657,0.47325,0,-0.068425
1.5079,0.2574,0.47325,0,-0.0676
1.5098,0.25822,0.47325,0,-0.066775
1.5118,0.25905,0.47325,0,-0.06595
1.5137,0.25987,0.47325,0,-0.065125
1.5156,0.2607,0.47325,0,-0.0643
1.5176,0.26152,0.47325,0,-0.063475
1.5195,0.26235,0.47325,0,-0.06265
1.5214,0.26317,0.47325,0,-0.061825
1.5232,0.264,0.47325,0,-0.061
1.525,0.26482,0.47325,0,-0.060175
1.5267,0.26565,0.47325,0,-0.05935
1.5285,0.26647,0.47325,0,-0.058525
1.5303,0.2673,0.47325,0,-0.0577
1.5321,0.26812,0.47325,0,-0.056875
1.5338,0.26895,0.47325,0,-0.05605
1.5356,0.26977,0.47325,0,-0.055225
1.5374,0.2706,0.47325,0,-0.0544
1.5391,0.27142,0.47325,0,-0.053575
1.5406,0.27225,0.47325,0,-0.05275
1.5422,0.27307,0.47325,0,-0.051925
1.5437,0.2739,0.47325,0,-0.0511
1.5453,0.27472,0.47325,0,-0.050275
1.5468,0.27555,0.47325,0,-0.04945
1.5484,0.27637,0.47325,0,-0.048625
1.5499,0.2772,0.47325,0,-0.0478
1.5515,0.27802,0.47325,0,-0.046975
1.5531,0.27885,0.47325,0,-0.04615
1.555,0.27967,0.47325,0,-0.045325
1.5572,0.2805,0.47325,0,-0.0445
1.5594,0.28132,0.47325,0,-0.043675
1.5617,0.28215,0.47325,0,-0.04285
1.5639,0.28297,0.47325,0,-0.042025
1.5661,0.2838,0.47325,0,-0.0412
1.5683,0.28462,0.47325,0,-0.040375
1.5705,0.28545,0.47325,0,-0.03955
1.5727,0.28627,0.47325,0,-0.038725
1.5749,0.2871,0.47325,0,-0.0379
1.5788,0.28792,0.47325,0,-0.037075
1.5827,0.28875,0.47325,0,-0.03625
1.5866,0.28957,0.47325,0,-0.035425
1.5905,0.2904,0.47325,0,-0.0346
1.5944,0.29122,0.47325,0,-0.033775
1.5984,0.29205,0.47325,0,-0.03295
1.6023,0.29287,0.47325,0,-0.032125
1.6062,0.2937,0.47325,0,-0.0313
1.6101,0.29452,0.47325,0,-0.030475
1.6149,0.29535,0.47325,0,-0.02965
1.6221,0.29618,0.47325,0,-0.028825
1.6294,0.297,0.47325,0,-0.028
1.6367,0.29782,0.47325,0,-0.027175
1.6439,0.29865,0.47325,0,-0.02635
1.6512,0.29947,0.47325,0,-0.025525
1.6585,0.3003,0.47325,0,-0.0247
1.6657,0.30112,0.47325,0,-0.023875
1.673,0.30195,0.47325,0,-0.02305
1.6802,0.30277,0.47325,0,-0.022225
1.6907,0.3036,0.47325,0,-0.0214
1.7037,0.30443,0.47325,0,-0.020575
1.7168,0.30525,0.47325,0,-0.01975
1.7298,0.30607,0.47325,0,-0.018925
1.7429,0.3069,0.47325,0,-0.0181
1.756,0.30772,0.47325,0,-0.017275
1.769,0.30855,0.47325,0,-0.01645
1.7821,0.30937,0.47325,0,-0.015625
1.7951,0.3102,0.47325,0,-0.0148
1.8082,0.31102,0.47325,0,-0.013975
1.8282,0.31185,0.47325,0,-0.01315
1.8495,0.31267,0.47325,0,-0.012325
1.8708,0.3135,0.47325,0,-0.0115
1.8921,0.31432,0.47325,0,-0.010675
1.9134,0.31515,0.47325,0,-0.00985
1.9347,0.31597,0.47325,0,-0.009025
1.956,0.3168,0.47325,0,-0.0082
1.9772,0.31762,0.47325,0,-0.007375
1.9985,0.31845,0.47325,0,-0.00655
2.0213,0.31927,0.47325,0,-0.005725
2.0527,0.3201,0.47325,0,-0.0049
2.084,0.32092,0.47325,0,-0.004075
2.1153,0.32175,0.47325,0,-0.00325
2.1466,0.32257,0.47325,0,-0.002425
2.178,0.3234,0.47325,0,-0.0016
2.2093,0.32422,0.47325,0,-0.000775
2.2406,0.32505,0.47325,0,5e-05
2.272,0.32587,0.47325,0,0.000875
2.3033,0.3267,0.47325,0,0.0017
2.3397,0.32752,0.47325,0,0.002525
2.3821,0.32835,0.47325,0,0.00335
2.4246,0.32917,0.47325,0,0.004175
2.467,0.33,0.47325,0,0.005
2.5094,0.33083,0.47325,0,0.005825
2.5519,0.33165,0.47325,0,0.00665
2.5943,0.33247,0.47325,0,0.007475
2.6368,0.3333,0.47325,0,0.0083
2.6792,0.33412,0.47325,0,0.009125
2.7217,0.33495,0.47325,0,0.00995
2.7729,0.33577,0.47325,0,0.010775
2.8269,0.3366,0.47325,0,0.0116
2.8809,0.33742,0.47325,0,0.012425
2.9349,0.33825,0.47325,0,0.01325
2.9889,0.33907,0.47325,0,0.014075
3.0429,0.3399,0.47325,0,0.0149
3.0969,0.34072,0.47325,0,0.015725
3.1509,0.34155,0.47325,0,0.01655
3.2049,0.34237,0.47325,0,0.017375
3.2596,0.3432,0.47325,0,0.0182
3.3249,0.34402,0.47325,0,0.019025
3.3902,0.34485,0.47325,0,0.01985
3.4555,0.34567,0.47325,0,0.020675
3.5208,0.3465,0.47325,0,0.0215
3.5861,0.34732,0.47325,0,0.022325
3.6514,0.34815,0.47325,0,0.02315
3.7167,0.34898,0.47325,0,0.023975
3.782,0.3498,0.47325,0,0.0248
3.8473,0.35062,0.47325,0,0.025625
3.9162,0.35145,0.47325,0,0.02645
3.9916,0.35227,0.47325,0,0.027275
4.067,0.3531,0.47325,0,0.0281
4.1424,0.35392,0.47325,0,0.028925
4.2178,0.35475,0.47325,0,0.02975
4.2932,0.35557,0.47325,0,0.030575
4.3687,0.3564,0.47325,0,0.0314
4.4441,0.35723,0.47325,0,0.032225
4.5195,0.35805,0.47325,0,0.03305
4.5949,0.35887,0.47325,0,0.033875
4.6757,0.3597,0.47325,0,0.0347
4.7592,0.36052,0.47325,0,0.035525
4.8427,0.36135,0.47325,0,0.03635
4.9262,0.36217,0.47325,0,0.037175
5.0097,0.363,0.47325,0,0.038
5.0932,0.36382,0.47325,0,0.038825
5.1767,0.36465,0.47325,0,0.03965
5.2602,0.36547,0.47325,0,0.040475
5.3437,0.3663,0.47325,0,0.0413
5.4272,0.36712,0.47325,0,0.042125
5.5161,0.36795,0.47325,0,0.04295
5.6051,0.36877,0.47325,0,0.043775
5.6941,0.3696,0.47325,0,0.0446
5.7831,0.37042,0.47325,0,0.045425
5.8722,0.37125,0.47325,0,0.04625
5.9612,0.37207,0.47325,0,0.047075
6.0502,0.3729,0.47325,0,0.0479
6.1392,0.37372,0.47325,0,0.048725
6.2282,0.37455,0.47325,0,0.04955
6.318,0.37537,0.47325,0,0.050375
6.4097,0.3762,0.47325,0,0.0512
6.5015,0.37702,0.47325,0,0.052025
6.5932,0.37785,0.47325,0,0.05285
6.685,0.37867,0.47325,0,0.053675
6.7767,0.3795,0.47325,0,0.0545
6.8685,0.38032,0.47325,0,0.055325
6.9602,0.38115,0.47325,0,0.05615
7.0519,0.38197,0.47325,0,0.056975
7.1437,0.3828,0.47325,0,0.0578
7.2355,0.38363,0.47325,0,0.058625
7.3275,0.38445,0.47325,0,0.05945
7.4194,0.38527,0.47325,0,0.060275
7.5113,0.3861,0.47325,0,0.0611
7.6033,0.38692,0.47325,0,0.061925
7.6952,0.38775,0.47325,0,0.06275
7.7871,0.38857,0.47325,0,0.063575
7.8791,0.3894,0.47325,0,0.0644
7.971,0.39022,0.47325,0,0.065225
8.0629,0.39105,0.47325,0,0.06605
8.1534,0.39187,0.47325,0,0.066875
8.2438,0.3927,0.47325,0,0.0677
8.3341,0.39353,0.47325,0,0.068525
8.4244,0.39435,0.47325,0,0.06935
8.5147,0.39517,0.47325,0,0.070175
8.605,0.396,0.47325,0,0.071
8.6954,0.39682,0.47325,0,0.071825
8.7857,0.39765,0.47325,0,0.07265
8.876,0.39847,0.47325,0,0.073475
8.9659,0.3993,0.47325,0,0.0743
9.054,0.40012,0.47325,0,0.075125
9.1422,0.40095,0.47325,0,0.07595
9.2303,0.40178,0.47325,0,0.076775
9.3184,0.4026,0.47325,0,0.0776
9.4066,0.40342,0.47325,0,0.078425
9.4947,0.40425,0.47325,0,0.07925
9.5828,0.40507,0.47325,0,0.080075
9.671,0.4059,0.47325,0,0.0809
9.7591,0.40672,0.47325,0,0.081725
9.8463,0.40755,0.47325,0,0.08255
9.9326,0.40837,0.47325,0,0.083375
10.019,0.4092,0.47325,0,0.0842
10.105,0.41003,0.47325,0,0.085025
10.192,0.41085,0.47325,0,0.08585
10.278,0.41167,0.47325,0,0.086675
10.364,0.4125,0.47325,0,0.0875
10.451,0.41332,0.47325,0,0.088325
10.537,0.41415,0.47325,0,0.08915
10.623,0.41497,0.47325,0,0.089975
10.708,0.4158,0.47325,0,0.0908
10.794,0.41662,0.47325,0,0.091625
10.879,0.41745,0.47325,0,0.09245
10.964,0.41827,0.47325,0,0.093275
11.049,0.4191,0.47325,0,0.0941
11.134,0.41992,0.47325,0,0.094925
11.219,0.42075,0.47325,0,0.09575
11.304,0.42157,0.47325,0,0.096575
11.389,0.4224,0.47325,0,0.0974
11.474,0.42322,0.47325,0,0.098225
11.558,0.42405,0.47325,0,0.09905
11.642,0.42487,0.47325,0,0.099875
11.726,0.4257,0.47325,0,0.1007
11.81,0.42652,0.47325,0,0.10153
11.894,0.42735,0.47325,0,0.10235
11.978,0.42817,0.47325,0,0.10317
12.062,0.429,0.47325,0,0.104
12.146,0.42982,0.47325,0,0.10482
12.23,0.43065,0.47325,0,0.10565
12.314,0.43147,0.47325,0,0.10648
12.396,0.4323,0.47325,0,0.1073
12.479,0.43312,0.47325,0,0.10813
12.561,0.43395,0.47325,0,0.10895
12.644,0.43477,0.47325,0,0.10977
12.726,0.4356,0.47325,0,0.1106
12.809,0.43642,0.47325,0,0.11142
12.891,0.43725,0.47325,0,0.11225
12.974,0.43808,0.47325,0,0.11308
13.056,0.4389,0.47325,0,0.1139
13.137,0.43972,0.47325,0,0.11473
13.217,0.44055,0.47325,0,0.11555
13.297,0.44137,0.47325,0,0.11637
13.377,0.4422,0.47325,0,0.1172
13.456,0.44302,0.47325,0,0.11802
13.536,0.44385,0.47325,0,0.11885
13.616,0.44467,0.47325,0,0.11968
13.696,0.4455,0.47325,0,0.1205
13.776,0.44633,0.47325,0,0.12133
13.856,0.44715,0.47325,0,0.12215
13.932,0.44797,0.47325,0,0.12297
14.009,0.4488,0.47325,0,0.1238
14.085,0.44962,0.47325,0,0.12462
14.161,0.45045,0.47325,0,0.12545
14.238,0.45127,0.47325,0,0.12628
14.314,0.4521,0.47325,0,0.1271
14.39,0.45292,0.47325,0,0.12792
14.466,0.45375,0.47325,0,0.12875
14.543,0.45458,0.47325,0,0.12957
14.618,0.4554,0.47325,0,0.1304
14.69,0.45622,0.47325,0,0.13123
14.761,0.45705,0.47325,0,0.13205
14.833,0.45787,0.47325,0,0.13287
14.905,0.4587,0.47325,0,0.1337
14.977,0.45952,0.47325,0,0.13453
15.049,0.46035,0.47325,0,0.13535
15.121,0.46117,0.47325,0,0.13618
15.192,0.462,0.47325,0,0.137
15.264,0.46283,0.47325,0,0.13782
15.333,0.46365,0.47325,0,0.13865
15.4,0.46447,0.47325,0,0.13948
15.467,0.4653,0.47325,0,0.1403
15.534,0.46612,0.47325,0,0.14112
15.602,0.46695,0.47325,0,0.14195
15.669,0.46777,0.47325,0,0.14277
15.736,0.4686,0.47325,0,0.1436
15.803,0.46942,0.47325,0,0.14443
15.87,0.47025,0.47325,0,0.14525
15.937,0.47107,0.47325,0,0.14607
16,0.4719,0.47325,0,0.1469
16.062,0.47272,0.47325,0,0.14773
16.125,0.47355,0.47325,0,0.14855
16.188,0.47438,0.47325,0,0.14938
16.25,0.4752,0.47325,0,0.1502
16.313,0.47602,0.47325,0,0.15102
16.375,0.47685,0.47325,0,0.15185
16.438,0.47767,0.47325,0,0.15268
16.5,0.4785,0.47325,0,0.1535
16.562,0.47932,0.47325,0,0.15432
16.62,0.48015,0.47325,0,0.15515
16.678,0.48097,0.47325,0,0.15597
16.736,0.4818,0.47325,0,0.1568
16.794,0.48263,0.47325,0,0.15763
16.852,0.48345,0.47325,0,0.15845
16.911,0.48427,0.47325,0,0.15927
16.969,0.4851,0.47325,0,0.1601
17.027,0.48592,0.47325,0,0.16093
17.085,0.48675,0.47325,0,0.16175
17.141,0.48757,0.47325,0,0.16258
17.195,0.4884,0.47325,0,0.1634
17.248,0.48922,0.47325,0,0.16422
17.302,0.49005,0.47325,0,0.16505
17.356,0.49088,0.47325,0,0.16588
17.41,0.4917,0.47325,0,0.1667
17.463,0.49252,0.47325,0,0.16752
17.517,0.49335,0.47325,0,0.16835
17.571,0.49417,0.47325,0,0.16917
17.625,0.495,0.47325,0,0.17
17.675,0.49582,0.47325,0,0.17083
17.724,0.49665,0.47325,0,0.17165
17.773,0.49747,0.47325,0,0.17247
17.823,0.4983,0.47325,0,0.1733
17.872,0.49913,0.47325,0,0.17413
17.922,0.49995,0.47325,0,0.17495
17.971,0.50077,0.47325,0,0.17578
18.02,0.5016,0.47325,0,0.1766
18.07,0.50242,0.47325,0,0.17742
18.118,0.50325,0.47325,0,0.17825
18.163,0.50407,0.47325,0,0.17908
18.208,0.5049,0.47325,0,0.1799
18.252,0.50572,0.47325,0,0.18072
18.297,0.50655,0.47325,0,0.18155
18.342,0.50738,0.47325,0,0.18237
18.386,0.5082,0.47325,0,0.1832
18.431,0.50902,0.47325,0,0.18403
18.476,0.50985,0.47325,0,0.18485
18.52,0.51067,0.47325,0,0.18567
18.563,0.5115,0.47325,0,0.1865
18.602,0.51232,0.47325,0,0.18733
18.642,0.51315,0.47325,0,0.18815
18.681,0.51398,0.47325,0,0.18898
18.721,0.5148,0.47325,0,0.1898
18.761,0.51562,0.47325,0,0.19062
18.8,0.51645,0.47325,0,0.19145
18.84,0.51727,0.47325,0,0.19228
18.879,0.5181,0.47325,0,0.1931
18.919,0.51892,0.47325,0,0.19392
18.955,0.51975,0.47325,0,0.19475
18.989,0.52057,0.47325,0,0.19557
19.023,0.5214,0.47325,0,0.1964
19.057,0.52223,0.47325,0,0.19723
19.091,0.52305,0.47325,0,0.19805
19.125,0.52387,0.47325,0,0.19887
19.16,0.5247,0.47325,0,0.1997
19.194,0.52552,0.47325,0,0.20053
19.228,0.52635,0.47325,0,0.20135
19.262,0.52718,0.47325,0,0.20218
19.291,0.528,0.47325,0,0.203
19.319,0.52882,0.47325,0,0.20382
19.348,0.52965,0.47325,0,0.20465
19.377,0.53048,0.47325,0,0.20548
19.405,0.5313,0.47325,0,0.2063
19.434,0.53212,0.47325,0,0.20712
19.463,0.53295,0.47325,0,0.20795
19.492,0.53377,0.47325,0,0.20877
19.52,0.5346,0.47325,0,0.2096
19.547,0.53543,0.47325,0,0.21043
19.571,0.53625,0.47325,0,0.21125
19.594,0.53707,0.47325,0,0.21207
19.618,0.5379,0.47325,0,0.2129
19.642,0.53873,0.47325,0,0.21373
19.665,0.53955,0.47325,0,0.21455
19.689,0.54037,0.47325,0,0.21538
19.712,0.5412,0.47325,0,0.2162
19.736,0.54202,0.47325,0,0.21702
19.759,0.54285,0.47325,0,0.21785
19.78,0.54368,0.47325,0,0.21868
19.799,0.5445,0.47325,0,0.2195
19.818,0.54532,0.47325,0,0.22032
19.837,0.54615,0.47325,0,0.22115
19.857,0.54698,0.47325,0,0.22197
19.876,0.5478,0.47325,0,0.2228
19.895,0.54862,0.47325,0,0.22363
19.914,0.54945,0.47325,0,0.22445
19.933,0.55027,0.47325,0,0.22527
19.952,0.5511,0.47325,0,0.2261
19.968,0.55193,0.47325,0,0.22693
19.984,0.55275,0.47325,0,0.22775
20,0.55357,0.47325,0,0.22858
20.015,0.5544,0.47325,0,0.2294
20.031,0.55523,0.47325,0,0.23022
20.047,0.55605,0.47325,0,0.23105
20.063,0.55687,0.47325,0,0.23188
20.078,0.5577,0.47325,0,0.2327
20.094,0.55852,0.47325,0,0.23352
20.109,0.55935,0.47325,0,0.23435
20.123,0.56018,0.47325,0,0.23517
20.136,0.561,0.47325,0,0.236
20.15,0.56182,0.47325,0,0.23683
20.163,0.56265,0.47325,0,0.23765
20.177,0.56348,0.47325,0,0.23847
20.191,0.5643,0.47325,0,0.2393
20.204,0.56512,0.47325,0,0.24013
20.218,0.56595,0.47325,0,0.24095
20.231,0.56677,0.47325,0,0.24178
20.244,0.5676,0.47325,0,0.2426
20.257,0.56842,0.47325,0,0.24342
20.269,0.56925,0.47325,0,0.24425
20.282,0.57007,0.47325,0,0.24508
20.294,0.5709,0.47325,0,0.2459
20.307,0.57173,0.47325,0,0.24672
20.32,0.57255,0.47325,0,0.24755
20.332,0.57337,0.47325,0,0.24837
20.345,0.5742,0.47325,0,0.2492
20.357,0.57502,0.47325,0,0.25003
20.37,0.57585,0.47325,0,0.25085
20.382,0.57667,0.47325,0,0.25168
20.394,0.5775,0.47325,0,0.2525
20.407,0.57832,0.47325,0,0.25332
20.419,0.57915,0.47325,0,0.25415
20.431,0.57998,0.47325,0,0.25497
20.444,0.5808,0.47325,0,0.2558
20.456,0.58162,0.47325,0,0.25662
20.469,0.58245,0.47325,0,0.25745
20.481,0.58327,0.47325,0,0.25828
20.494,0.5841,0.47325,0,0.2591
20.506,0.58492,0.47325,0,0.25993
20.519,0.58575,0.47325,0,0.26075
20.531,0.58658,0.47325,0,0.26158
20.544,0.5874,0.47325,0,0.2624
20.556,0.58823,0.47325,0,0.26322
20.569,0.58905,0.47325,0,0.26405
20.581,0.58987,0.47325,0,0.26487
20.594,0.5907,0.47325,0,0.2657
20.606,0.59152,0.47325,0,0.26653
20.619,0.59235,0.47325,0,0.26735
20.632,0.59317,0.47325,0,0.26818
20.644,0.594,0.47325,0,0.269
20.657,0.59483,0.47325,0,0.26983
20.669,0.59565,0.47325,0,0.27065
20.682,0.59648,0.47325,0,0.27147
20.694,0.5973,0.47325,0,0.2723
20.707,0.59812,0.47325,0,0.27312
20.719,0.59895,0.47325,0,0.27395
20.731,0.59977,0.47325,0,0.27477
20.744,0.6006,0.47325,0,0.2756
20.756,0.60142,0.47325,0,0.27643
20.768,0.60225,0.47325,0,0.27725
20.78,0.60308,0.47325,0,0.27808
20.792,0.6039,0.47325,0,0.2789
20.804,0.60473,0.47325,0,0.27972
20.816,0.60555,0.47325,0,0.28055
20.828,0.60637,0.47325,0,0.28137
20.84,0.6072,0.47325,0,0.2822
20.852,0.60802,0.47325,0,0.28302
20.863,0.60885,0.47325,0,0.28385
20.874,0.60967,0.47325,0,0.28468
20.885,0.6105,0.47325,0,0.2855
20.897,0.61133,0.47325,0,0.28633
20.908,0.61215,0.47325,0,0.28715
20.919,0.61298,0.47325,0,0.28798
20.931,0.6138,0.47325,0,0.2888
20.942,0.61462,0.47325,0,0.28962
20.953,0.61545,0.47325,0,0.29045
20.963,0.61627,0.47325,0,0.29127
20.974,0.6171,0.47325,0,0.2921
20.984,0.61792,0.47325,0,0.29293
20.995,0.61875,0.47325,0,0.29375
21.005,0.61958,0.47325,0,0.29458
21.016,0.6204,0.47325,0,0.2954
21.026,0.62122,0.47325,0,0.29623
21.036,0.62205,0.47325,0,0.29705
21.047,0.62287,0.47325,0,0.29787
21.057,0.6237,0.47325,0,0.2987
21.066,0.62452,0.47325,0,0.29952
21.076,0.62535,0.47325,0,0.30035
21.086,0.62617,0.47325,0,0.30117
21.096,0.627,0.47325,0,0.302
21.105,0.62783,0.47325,0,0.30283
21.115,0.62865,0.47325,0,0.30365
21.125,0.62947,0.47325,0,0.30448
21.134,0.6303,0.47325,0,0.3053
21.144,0.63112,0.47325,0,0.30612
21.153,0.63195,0.47325,0,0.30695
21.162,0.63277,0.47325,0,0.30777
21.171,0.6336,0.47325,0,0.3086
21.18,0.63442,0.47325,0,0.30942
21.189,0.63525,0.47325,0,0.31025
21.198,0.63608,0.47325,0,0.31108
21.207,0.6369,0.47325,0,0.3119
21.216,0.63772,0.47325,0,0.31273
21.225,0.63855,0.47325,0,0.31355
21.234,0.63937,0.47325,0,0.31438
21.243,0.6402,0.47325,0,0.3152
21.251,0.64102,0.47325,0,0.31602
21.26,0.64185,0.47325,0,0.31685
21.268,0.64267,0.47325,0,0.31767
21.277,0.6435,0.47325,0,0.3185
21.285,0.64433,0.47325,0,0.31933
21.294,0.64515,0.47325,0,0.32015
21.302,0.64597,0.47325,0,0.32098
21.311,0.6468,0.47325,0,0.3218
21.319,0.64762,0.47325,0,0.32263
21.327,0.64845,0.47325,0,0.32345
21.335,0.64927,0.47325,0,0.32427
21.343,0.6501,0.47325,0,0.3251
21.351,0.65092,0.47325,0,0.32592
21.359,0.65175,0.47325,0,0.32675
21.367,0.65258,0.47325,0,0.32757
21.375,0.6534,0.47325,0,0.3284
21.383,0.65422,0.47325,0,0.32923
21.391,0.65505,0.47325,0,0.33005
21.398,0.65587,0.47325,0,0.33088
21.406,0.6567,0.47325,0,0.3317
21.413,0.65753,0.47325,0,0.33253
21.421,0.65835,0.47325,0,0.33335
21.428,0.65917,0.47325,0,0.33417
21.436,0.66,0.47325,0,0.335
21.443,0.66083,0.47325,0,0.33582
21.451,0.66165,0.47325,0,0.33665
21.458,0.66247,0.47325,0,0.33748
21.466,0.6633,0.47325,0,0.3383
21.473,0.66412,0.47325,0,0.33913
21.48,0.66495,0.47325,0,0.33995
21.487,0.66578,0.47325,0,0.34078
21.494,0.6666,0.47325,0,0.3416
21.501,0.66742,0.47325,0,0.34242
21.508,0.66825,0.47325,0,0.34325
21.515,0.66908,0.47325,0,0.34407
21.522,0.6699,0.47325,0,0.3449
21.529,0.67072,0.47325,0,0.34572
21.536,0.67155,0.47325,0,0.34655
21.542,0.67237,0.47325,0,0.34738
21.549,0.6732,0.47325,0,0.3482
21.556,0.67402,0.47325,0,0.34903
21.562,0.67485,0.47325,0,0.34985
21.569,0.67567,0.47325,0,0.35067
21.576,0.6765,0.47325,0,0.3515
21.582,0.67733,0.47325,0,0.35232
21.589,0.67815,0.47325,0,0.35315
21.595,0.67897,0.47325,0,0.35397
21.602,0.6798,0.47325,0,0.3548
21.608,0.68062,0.47325,0,0.35563
21.614,0.68145,0.47325,0,0.35645
21.62,0.68227,0.47325,0,0.35728
21.627,0.6831,0.47325,0,0.3581
21.633,0.68393,0.47325,0,0.35893
21.639,0.68475,0.47325,0,0.35975
21.645,0.68558,0.47325,0,0.36057
21.651,0.6864,0.47325,0,0.3614
21.658,0.68722,0.47325,0,0.36222
21.663,0.68805,0.47325,0,0.36305
21.669,0.68887,0.47325,0,0.36388
21.675,0.6897,0.47325,0,0.3647
21.681,0.69052,0.47325,0,0.36553
21.686,0.69135,0.47325,0,0.36635
21.692,0.69218,0.47325,0,0.36718
21.698,0.693,0.47325,0,0.368
21.704,0.69383,0.47325,0,0.36882
21.71,0.69465,0.47325,0,0.36965
21.715,0.69547,0.47325,0,0.37047
21.721,0.6963,0.47325,0,0.3713
21.726,0.69712,0.47325,0,0.37212
21.731,0.69795,0.47325,0,0.37295
21.737,0.69877,0.47325,0,0.37378
21.742,0.6996,0.47325,0,0.3746
21.748,0.70043,0.47325,0,0.37543
21.753,0.70125,0.47325,0,0.37625
21.758,0.70208,0.47325,0,0.37707
21.764,0.7029,0.47325,0,0.3779
21.769,0.70372,0.47325,0,0.37872
21.774,0.70455,0.47325,0,0.37955
21.779,0.70537,0.47325,0,0.38037
21.784,0.7062,0.47325,0,0.3812
21.789,0.70702,0.47325,0,0.38203
21.794,0.70785,0.47325,0,0.38285
21.799,0.70868,0.47325,0,0.38368
21.804,0.7095,0.47325,0,0.3845
21.809,0.71033,0.47325,0,0.38533
21.814,0.71115,0.47325,0,0.38615
21.819,0.71197,0.47325,0,0.38697
21.823,0.7128,0.47325,0,0.3878
21.828,0.71362,0.47325,0,0.38862
21.832,0.71445,0.47325,0,0.38945
21.837,0.71527,0.47325,0,0.39028
21.842,0.7161,0.47325,0,0.3911
21.846,0.71693,0.47325,0,0.39193
21.851,0.71775,0.47325,0,0.39275
21.856,0.71858,0.47325,0,0.39358
21.86,0.7194,0.47325,0,0.3944
21.864,0.72022,0.47325,0,0.39522
21.869,0.72105,0.47325,0,0.39605
21.873,0.72187,0.47325,0,0.39687
21.877,0.7227,0.47325,0,0.3977
21.881,0.72352,0.47325,0,0.39852
21.885,0.72435,0.47325,0,0.39935
21.89,0.72518,0.47325,0,0.40018
21.894,0.726,0.47325,0,0.401
21.898,0.72682,0.47325,0,0.40183
21.902,0.72765,0.47325,0,0.40265
21.906,0.72847,0.47325,0,0.40347
21.91,0.7293,0.47325,0,0.4043
21.914,0.73012,0.47325,0,0.40512
21.918,0.73095,0.47325,0,0.40595
21.921,0.73177,0.47325,0,0.40677
21.925,0.7326,0.47325,0,0.4076
21.929,0.73343,0.47325,0,0.40843
21.933,0.73425,0.47325,0,0.40925
21.937,0.73507,0.47325,0,0.41008
21.94,0.7359,0.47325,0,0.4109
21.944,0.73672,0.47325,0,0.41173
21.947,0.73755,0.47325,0,0.41255
21.951,0.73837,0.47325,0,0.41337
21.954,0.7392,0.47325,0,0.4142
21.958,0.74002,0.47325,0,0.41502
21.961,0.74085,0.47325,0,0.41585
21.964,0.74168,0.47325,0,0.41668
21.968,0.7425,0.47325,0,0.4175
21.971,0.74332,0.47325,0,0.41833
21.975,0.74415,0.47325,0,0.41915
21.978,0.74497,0.47325,0,0.41998
21.981,0.7458,0.47325,0,0.4208
21.984,0.74662,0.47325,0,0.42162
21.987,0.74745,0.47325,0,0.42245
21.991,0.74827,0.47325,0,0.42327
21.994,0.7491,0.47325,0,0.4241
21.997,0.74993,0.47325,0,0.42492
22,0.75075,0.47325,0,0.42575
22.003,0.75157,0.47325,0,0.42658
22.006,0.7524,0.47325,0,0.4274
22.009,0.75322,0.47325,0,0.42823
22.012,0.75405,0.47325,0,0.42905
22.016,0.75487,0.47325,0,0.42987
22.019,0.7557,0.47325,0,0.4307
22.022,0.75652,0.47325,0,0.43152
22.025,0.75735,0.47325,0,0.43235
22.028,0.75818,0.47325,0,0.43317
22.031,0.759,0.47325,0,0.434
22.034,0.75982,0.47325,0,0.43483
22.037,0.76065,0.47325,0,0.43565
22.04,0.76147,0.47325,0,0.43648
22.043,0.7623,0.47325,0,0.4373
22.047,0.76313,0.47325,0,0.43813
22.05,0.76395,0.47325,0,0.43895
22.053,0.76477,0.47325,0,0.43977
22.056,0.7656,0.47325,0,0.4406
22.059,0.76643,0.47325,0,0.44142
22.062,0.76725,0.47325,0,0.44225
22.062,0.76807,0.47325,0,0.44308
22.063,0.7689,0.47325,0,0.4439
22.065,0.76972,0.47325,0,0.44473
22.067,0.77055,0.47325,0,0.44555
0,0.77138,0.47325,0,0.44638
22.072,0.7722,0.47325,0,0.4472
22.076,0.77302,0.47325,0,0.44802
22.08,0.77385,0.47325,0,0.44885
22.084,0.77468,0.47325,0,0.44967
22.089,0.7755,0.47325,0,0.4505
0,0.77632,0.47325,0,0.45132
22.099,0.77715,0.47325,0,0.45215
22.104,0.77797,0.47325,0,0.45298
22.109,0.7788,0.47325,0,0.4538
22.113,0.77962,0.47325,0,0.45463
22.116,0.78045,0.47325,0,0.45545
22.119,0.78127,0.47325,0,0.45627
22.12,0.7821,0.47325,0,0.4571
22.121,0.78293,0.47325,0,0.45792
22.122,0.78375,0.47325,0,0.45875
22.125,0.78457,0.47325,0,0.45957
22.127,0.7854,0.47325,0,0.4604
22.129,0.78622,0.47325,0,0.46123
22.132,0.78705,0.47325,0,0.46205
22.134,0.78787,0.47325,0,0.46288
22.136,0.7887,0.47325,0,0.4637
22.139,0.78953,0.47325,0,0.46453
22.141,0.79035,0.47325,0,0.46535
22.143,0.79118,0.47325,0,0.46617
22.146,0.792,0.47325,0,0.467
22.148,0.79282,0.47325,0,0.46782
22.151,0.79365,0.47325,0,0.46865
22.153,0.79447,0.47325,0,0.46948
22.155,0.7953,0.47325,0,0.4703
22.158,0.79612,0.47325,0,0.47113
22.16,0.79695,0.47325,0,0.47195
22.162,0.79778,0.47325,0,0.47278
22.165,0.7986,0.47325,0,0.4736
22.167,0.79943,0.47325,0,0.47442
22.168,0.80025,0.47325,0,0.47525
22.17,0.80107,0.47325,0,0.47607
22.172,0.8019,0.47325,0,0.4769
22.173,0.80272,0.47325,0,0.47772
22.175,0.80355,0.47325,0,0.47855
22.177,0.80437,0.47325,0,0.47938
22.178,0.8052,0.47325,0,0.4802
22.18,0.80603,0.47325,0,0.48103
22.181,0.80685,0.47325,0,0.48185
22.183,0.80768,0.47325,0,0.48267
22.185,0.8085,0.47325,0,0.4835
22.186,0.80932,0.47325,0,0.48432
22.188,0.81015,0.47325,0,0.48515
22.19,0.81097,0.47325,0,0.48597
22.191,0.8118,0.47325,0,0.4868
22.193,0.81262,0.47325,0,0.48763
22.194,0.81345,0.47325,0,0.48845
22.196,0.81428,0.47325,0,0.48928
22.198,0.8151,0.47325,0,0.4901
22.198,0.81593,0.47325,0,0.49093
22.198,0.81675,0.47325,0,0.49175
0,0.81757,0.47325,0,0.49257
22.199,0.8184,0.47325,0,0.4934
22.2,0.81922,0.47325,0,0.49422
22.201,0.82005,0.47325,0,0.49505
22.202,0.82087,0.47325,0,0.49588
0,0.8217,0.47325,0,0.4967
22.204,0.82253,0.47325,0,0.49753
22.205,0.82335,0.47325,0,0.49835
0,0.82418,0.47325,0,0.49918
22.208,0.825,0.47325,0,0.5
