"Cp","cell_element_type","cell_id","cell_type","cell_zone","density","dynamic_pressure","expr:C_D","expr:C_Lift","helicity","laminar_kinetic_energy","pressure_coefficient","q_criterion","raw_q_criterion","skin_friction_coef","strain_rate_mag","total_pressure","turb_diss_rate","turb_intensity","turb_kinetic_energy","turb_reynolds_number_rey","velocity:0","velocity:1","velocity:2","velocity_magnitude","viscosity_lam","viscosity_turb","vorticity_mag","wall_shear","x_velocity","y_plus","y_velocity","z_velocity","vtkValidPointMask","Points:0","Points:1","Points:2"
1.0152,7,1.3904e+07,1,6552,1.225,11.698,0.40222,0.1311,-2629.3,0.45154,491.35,-2.073e+06,-2.073e+06,0,13526,312.65,1433.8,2.0251,5.7324,55.289,0.097295,-0.16498,-4.1791,4.2325,1.7894e-05,0.00013198,13416,0,0.097295,0,-0.16498,-4.1791,1,-0.31569,0,-3.8661e-17
1.0172,7,1.4528e+07,1,6552,1.225,13.023,0.40222,0.1311,-2384.6,0.42197,492.32,-1.4619e+06,-1.4619e+06,0,12878,314.57,1285.7,1.968,5.4265,55.905,0.16702,-0.15922,-4.4043,4.4579,1.7894e-05,0.00013523,12796,0,0.16702,0,-0.15922,-4.4043,1,-0.31564,0,-0.0055096
1.0186,7,1.4828e+07,1,6552,1.225,15.785,0.40222,0.1311,-2362.1,0.4458,493.02,-1.1344e+06,-1.1344e+06,0,13554,317.76,1259.1,1.9551,5.3216,53.697,0.24911,-0.14921,-4.8931,4.9412,1.7894e-05,0.00012239,13489,0,0.24911,0,-0.14921,-4.8931,1,-0.3155,0,-0.011017
1.0194,7,1.4691e+07,1,6552,1.225,19.233,0.40222,0.1311,-2386.7,0.48433,493.37,-8.709e+05,-8.709e+05,0,14627,321.42,1254.4,1.9526,5.257,50.695,0.34972,-0.13695,-5.4546,5.4959,1.7894e-05,0.00010528,14574,0,0.34972,0,-0.13695,-5.4546,1,-0.31526,0,-0.016522
1.0188,7,1.455e+07,1,6552,1.225,21.528,0.40222,0.1311,-2493.8,0.47754,493.1,-8.5958e+05,-8.5958e+05,0,14429,323.55,1159.7,1.9148,5.0483,50.664,0.46861,-0.13897,-5.7675,5.8096,1.7894e-05,0.00010422,14377,0,0.46861,0,-0.13897,-5.7675,1,-0.31492,0,-0.022021
1.0172,7,1.4416e+07,1,6552,1.225,25.017,0.40222,0.1311,-2933.6,0.49954,492.34,-1.027e+06,-1.027e+06,0,15027,326.58,1120.3,1.8992,4.9317,48.817,0.6102,-0.1479,-6.2381,6.2872,1.7894e-05,9.3468e-05,14970,0,0.6102,0,-0.1479,-6.2381,1,-0.31449,0,-0.027514
1.0145,7,1.4295e+07,1,6552,1.225,31.37,0.40222,0.1311,-4035.3,0.54959,491.04,-1.7714e+06,-1.7714e+06,0,17667,332.13,1129.7,1.8907,4.8355,45.552,0.79144,-0.15963,-6.9474,7.0118,1.7894e-05,7.8745e-05,17592,0,0.79144,0,-0.15963,-6.9474,1,-0.31396,0,-0.032999
1.0107,7,1.4205e+07,1,6552,1.225,31.766,0.40222,0.1311,-3770.9,0.5059,489.2,-1.699e+06,-1.699e+06,0,15437,331.4,980.76,1.8388,4.5793,46.342,0.92676,-0.17512,-7.0312,7.1145,1.7894e-05,7.9411e-05,15358,0,0.92676,0,-0.17512,-7.0312,1,-0.31334,0,-0.038473
1.0063,7,1.4096e+07,1,6552,1.225,35.03,0.40222,0.1311,-3947.6,0.50328,487.04,-1.9892e+06,-1.9892e+06,0,15365,333.34,915.5,1.8102,4.4234,45.753,1.0976,-0.18262,-7.3789,7.4825,1.7894e-05,7.5423e-05,15273,0,1.0976,0,-0.18262,-7.3789,1,-0.31262,0,-0.043936
1.0011,7,1.3997e+07,1,6552,1.225,40.427,0.40222,0.1311,-4557.2,0.52486,484.53,-2.633e+06,-2.633e+06,0,16653,337.2,891.77,1.7928,4.311,44.153,1.3043,-0.18563,-7.8945,8.0225,1.7894e-05,6.866e-05,16541,0,1.3043,0,-0.18563,-7.8945,1,-0.3118,0,-0.049385
0.99506,7,1.3976e+07,1,6552,1.225,44.379,0.40222,0.1311,-4682.1,0.5239,481.61,-2.7518e+06,-2.7518e+06,0,16813,339.37,836.13,1.7636,4.1551,43.255,1.5119,-0.18805,-8.2554,8.4133,1.7894e-05,6.4542e-05,16696,0,1.5119,0,-0.18805,-8.2554,1,-0.31089,0,-0.054819
0.98824,7,1.4001e+07,1,6552,1.225,46.053,0.40222,0.1311,-4335.5,0.4962,478.31,-2.4283e+06,-2.4283e+06,0,15464,339.02,750.67,1.7233,3.9674,43.48,1.6989,-0.19054,-8.4106,8.6014,1.7894e-05,6.3879e-05,15349,0,1.6989,0,-0.19054,-8.4106,1,-0.30989,0,-0.060236
0.9807,7,1.4021e+07,1,6552,1.225,51.362,0.40222,0.1311,-4619.1,0.50415,474.66,-3.1349e+06,-3.1349e+06,0,16289,342.09,721.5,1.7016,3.8487,42.177,1.9351,-0.19067,-8.8481,9.0769,1.7894e-05,5.8999e-05,16151,0,1.9351,0,-0.19067,-8.8481,1,-0.30879,0,-0.065636
0.97225,7,1.4039e+07,1,6552,1.225,56.314,0.40222,0.1311,-5008.1,0.50262,470.57,-3.3424e+06,-3.3424e+06,0,16650,344.54,683,1.6742,3.7119,41.084,2.1822,-0.18986,-9.2318,9.5042,1.7894e-05,5.527e-05,16503,0,2.1822,0,-0.18986,-9.2318,1,-0.3076,0,-0.071015
0.96288,7,1.4113e+07,1,6552,1.225,58.192,0.40222,0.1311,-4680.6,0.4715,466.03,-2.4502e+06,-2.4502e+06,0,15204,343.64,611.69,1.6313,3.5267,41.174,2.4012,-0.19372,-9.3678,9.688,1.7894e-05,5.5025e-05,15078,0,2.4012,0,-0.19372,-9.3678,1,-0.30631,0,-0.076372
0.95284,7,1.4294e+07,1,6552,1.225,65.445,0.40222,0.1311,-5443.5,0.47718,461.17,-2.8194e+06,-2.8194e+06,0,16554,347.91,589.95,1.6043,3.3921,39.128,2.7073,-0.19197,-9.8771,10.257,1.7894e-05,4.945e-05,16421,0,2.7073,0,-0.19197,-9.8771,1,-0.30493,0,-0.081707
0.94182,7,1.4509e+07,1,6552,1.225,65.704,0.40222,0.1311,-4456.4,0.43086,455.84,-2.1638e+06,-2.1638e+06,0,14286,344.91,514.56,1.5561,3.207,40.208,2.906,-0.19773,-9.8731,10.312,1.7894e-05,5.2068e-05,14163,0,2.906,0,-0.19773,-9.8731,1,-0.30346,0,-0.087016
0.93048,7,1.4622e+07,1,6552,1.225,69.98,0.40222,0.1311,-4564.3,0.41063,450.35,-2.219e+06,-2.219e+06,0,13953,345.82,474.26,1.5196,3.0606,39.895,3.1738,-0.19736,-10.136,10.64,1.7894e-05,5.1923e-05,13824,0,3.1738,0,-0.19736,-10.136,1,-0.3019,0,-0.092299
0.91871,7,1.4607e+07,1,6552,1.225,79.248,0.40222,0.1311,-5649.8,0.42828,444.66,-3.0462e+06,-3.0462e+06,0,15774,351.6,474.81,1.5085,2.9907,37.221,3.5435,-0.19076,-10.727,11.313,1.7894e-05,4.3727e-05,15620,0,3.5435,0,-0.19076,-10.727,1,-0.30024,0,-0.097554
0.90562,7,1.4161e+07,1,6552,1.225,77.914,0.40222,0.1311,-4597.6,0.37598,438.32,-1.9472e+06,-1.9472e+06,0,12964,346.38,403.41,1.4533,2.7974,38.674,3.7312,-0.19393,-10.592,11.252,1.7894e-05,4.7981e-05,12834,0,3.7312,0,-0.19393,-10.592,1,-0.29849,0,-0.10278
0.89231,7,1.4027e+07,1,6552,1.225,81.405,0.40222,0.1311,-4302.3,0.34916,431.88,-1.9102e+06,-1.9102e+06,0,12260,345.93,364.08,1.4125,2.6501,38.589,4.0036,-0.19679,-10.759,11.503,1.7894e-05,4.8636e-05,12125,0,4.0036,0,-0.19679,-10.759,1,-0.29665,0,-0.10797
0.87881,7,1.4108e+07,1,6552,1.225,94.177,0.40222,0.1311,-5506.1,0.37648,425.35,-4.064e+06,-4.064e+06,0,15305,354.7,379.55,1.4101,2.608,34.736,4.4609,-0.19453,-11.497,12.351,1.7894e-05,3.7754e-05,15099,0,4.4609,0,-0.19453,-11.497,1,-0.29472,0,-0.11313
0.86452,7,1.473e+07,1,6552,1.225,95.195,0.40222,0.1311,-4994.7,0.34535,418.43,-2.3479e+06,-2.3479e+06,0,13377,351.48,336.2,1.3704,2.4735,35.298,4.7149,-0.20057,-11.489,12.437,1.7894e-05,3.9083e-05,13223,0,4.7149,0,-0.20057,-11.489,1,-0.2927,0,-0.11826
0.84989,7,1.4731e+07,1,6552,1.225,102.69,0.40222,0.1311,-5554.1,0.33594,411.35,-2.4529e+06,-2.4529e+06,0,14033,354.64,317.54,1.3385,2.3542,33.588,5.0929,-0.1993,-11.845,12.909,1.7894e-05,3.5767e-05,13881,0,5.0929,0,-0.1993,-11.845,1,-0.29059,0,-0.12335
0.83492,7,1.4093e+07,1,6552,1.225,115.73,0.40222,0.1311,-7028.4,0.33347,404.1,-3.2519e+06,-3.2519e+06,0,16500,363.24,307.69,1.3036,2.2214,30.106,5.5963,-0.19047,-12.469,13.681,1.7894e-05,2.9296e-05,16333,0,5.5963,0,-0.19047,-12.469,1,-0.2884,0,-0.1284
0.8197,7,1.344e+07,1,6552,1.225,116.78,0.40222,0.1311,-6236.5,0.30694,396.73,-2.6483e+06,-2.6483e+06,0,14795,359.78,273.8,1.2682,2.1101,30.718,5.853,-0.1957,-12.436,13.757,1.7894e-05,3.0286e-05,14639,0,5.853,0,-0.1957,-12.436,1,-0.28611,0,-0.13342
0.80412,7,1.3257e+07,1,6552,1.225,122.46,0.40222,0.1311,-6302.5,0.29097,389.2,-2.5078e+06,-2.5078e+06,0,14670,360.84,252.15,1.2347,2.0003,29.797,6.2163,-0.19556,-12.634,14.092,1.7894e-05,2.8584e-05,14518,0,6.2163,0,-0.19556,-12.634,1,-0.28374,0,-0.13839
0.78822,7,1.3479e+07,1,6552,1.225,134.92,0.40222,0.1311,-7539.6,0.28349,381.5,-2.7988e+06,-2.7988e+06,0,16553,368.59,241.19,1.1994,1.8805,26.729,6.7426,-0.18823,-13.146,14.784,1.7894e-05,2.3449e-05,16401,0,6.7426,0,-0.18823,-13.146,1,-0.28128,0,-0.14332
0.77219,7,1.3827e+07,1,6552,1.225,134.83,0.40222,0.1311,-6945.3,0.263,373.74,-2.7272e+06,-2.7272e+06,0,14786,363.74,215.83,1.1714,1.7974,27.582,6.9811,-0.19429,-13.031,14.794,1.7894e-05,2.4699e-05,14624,0,6.9811,0,-0.19429,-13.031,1,-0.27874,0,-0.14821
0.75599,7,1.4057e+07,1,6552,1.225,141.09,0.40222,0.1311,-7252.8,0.24939,365.9,-3.2568e+06,-3.2568e+06,0,14860,365.2,199.44,1.1405,1.7029,26.512,7.3629,-0.1951,-13.213,15.136,1.7894e-05,2.2886e-05,14669,0,7.3629,0,-0.1951,-13.213,1,-0.27611,0,-0.15305
0.73944,7,1.4204e+07,1,6552,1.225,143.23,0.40222,0.1311,-6828.7,0.233,357.89,-2.7744e+06,-2.7744e+06,0,13686,362.43,180.01,1.112,1.6233,26.81,7.6582,-0.19996,-13.184,15.258,1.7894e-05,2.3284e-05,13506,0,7.6582,0,-0.19996,-13.184,1,-0.2734,0,-0.15785
0.7227,7,1.4349e+07,1,6552,1.225,153.67,0.40222,0.1311,-7906.9,0.22297,349.79,-2.893e+06,-2.893e+06,0,14739,367.91,169.5,1.0791,1.5253,24.523,8.1532,-0.19388,-13.524,15.801,1.7894e-05,1.9849e-05,14560,0,8.1532,0,-0.19388,-13.524,1,-0.2706,0,-0.16259
0.70612,7,1.4518e+07,1,6552,1.225,153.39,0.40222,0.1311,-7114.7,0.2076,341.76,-2.1397e+06,-2.1397e+06,0,13034,362.72,151.47,1.0532,1.458,25.413,8.4058,-0.20058,-13.361,15.796,1.7894e-05,2.1225e-05,12882,0,8.4058,0,-0.20058,-13.361,1,-0.26772,0,-0.16729
0.68967,7,1.4692e+07,1,6552,1.225,154.99,0.40222,0.1311,-6704.5,0.19459,333.8,-1.9133e+06,-1.9133e+06,0,11962,359.44,136.62,1.0271,1.3895,25.695,8.6937,-0.20557,-13.28,15.886,1.7894e-05,2.1584e-05,11813,0,8.6937,0,-0.20557,-13.28,1,-0.26476,0,-0.17194
0.67321,7,1.4867e+07,1,6552,1.225,165.83,0.40222,0.1311,-7989.2,0.18377,325.83,-2.7673e+06,-2.7673e+06,0,13200,365.4,127.26,0.99065,1.2898,23.128,9.2094,-0.19906,-13.585,16.425,1.7894e-05,1.7953e-05,13016,0,9.2094,0,-0.19906,-13.585,1,-0.26172,0,-0.17653
0.65708,7,1.4544e+07,1,6552,1.225,165.18,0.40222,0.1311,-7066,0.17336,318.03,-2.3433e+06,-2.3433e+06,0,11644,359.97,115.08,0.97262,1.2478,24.284,9.4344,-0.20833,-13.4,16.401,1.7894e-05,1.9362e-05,11459,0,9.4344,0,-0.20833,-13.4,1,-0.2586,0,-0.18107
0.64072,7,1.4192e+07,1,6552,1.225,178.16,0.40222,0.1311,-8800.1,0.16289,310.11,-3.1748e+06,-3.1748e+06,0,13116,368.1,107.78,0.93472,1.1516,21.335,10.005,-0.20102,-13.763,17.025,1.7894e-05,1.5485e-05,12897,0,10.005,0,-0.20102,-13.763,1,-0.2554,0,-0.18556
0.62423,7,1.3833e+07,1,6552,1.225,186.89,0.40222,0.1311,-9652.8,0.15188,302.13,-2.7309e+06,-2.7309e+06,0,13474,371.94,99.058,0.90055,1.0701,19.581,10.488,-0.19998,-13.919,17.438,1.7894e-05,1.3416e-05,13285,0,10.488,0,-0.19998,-13.919,1,-0.25212,0,-0.18999
0.60811,7,1.4177e+07,1,6552,1.225,195.27,0.40222,0.1311,-10606,0.14077,294.32,-2.3177e+06,-2.3177e+06,0,13824,375.54,90.569,0.86609,0.98922,17.76,10.978,-0.19807,-14.038,17.828,1.7894e-05,1.131e-05,13663,0,10.978,0,-0.19807,-14.038,1,-0.24877,0,-0.19436
0.5927,7,1.4355e+07,1,6552,1.225,195.34,0.40222,0.1311,-10100,0.13234,286.87,-2.1937e+06,-2.1937e+06,0,12677,371.04,81.861,0.84679,0.94895,18.409,11.237,-0.20202,-13.834,17.832,1.7894e-05,1.2154e-05,12512,0,11.237,0,-0.20202,-13.834,1,-0.24534,0,-0.19867
0.57778,7,1.4433e+07,1,6552,1.225,200.15,0.40222,0.1311,-10405,0.12306,279.64,-2.4919e+06,-2.4919e+06,0,12485,371.43,74.267,0.81902,0.88929,17.65,11.62,-0.199,-13.804,18.052,1.7894e-05,1.1296e-05,12297,0,11.62,0,-0.199,-13.804,1,-0.24183,0,-0.20292
0.56339,7,1.4436e+07,1,6552,1.225,206.9,0.40222,0.1311,-11041,0.1141,272.68,-3.0471e+06,-3.0471e+06,0,12685,373.92,67.758,0.78951,0.82605,16.3,12.05,-0.19298,-13.839,18.357,1.7894e-05,9.7543e-06,12461,0,12.05,0,-0.19298,-13.839,1,-0.23825,0,-0.20711
0.54943,7,1.4452e+07,1,6552,1.225,205.58,0.40222,0.1311,-9930.5,0.10883,265.92,-2.4338e+06,-2.4338e+06,0,11479,368.46,61.983,0.77767,0.80356,17.247,12.261,-0.20355,-13.573,18.3,1.7894e-05,1.0827e-05,11280,0,12.261,0,-0.20355,-13.573,1,-0.2346,0,-0.21124
0.53572,7,1.4464e+07,1,6552,1.225,210.94,0.40222,0.1311,-10325,0.10089,259.29,-2.4725e+06,-2.4725e+06,0,11445,369.75,56.318,0.74987,0.74801,16.191,12.654,-0.20398,-13.536,18.538,1.7894e-05,9.7341e-06,11239,0,12.654,0,-0.20398,-13.536,1,-0.23088,0,-0.2153
0.52263,7,1.4458e+07,1,6552,1.225,215.66,0.40222,0.1311,-10702,0.093812,252.95,-2.9769e+06,-2.9769e+06,0,11402,370.59,51.308,0.72466,0.69908,15.304,13.027,-0.20503,-13.47,18.746,1.7894e-05,8.8119e-06,11156,0,13.027,0,-0.20503,-13.47,1,-0.22709,0,-0.2193
0.51025,7,1.439e+07,1,6552,1.225,215.05,0.40222,0.1311,-10080,0.089709,246.96,-2.7354e+06,-2.7354e+06,0,10564,366.31,47.288,0.71371,0.67934,15.919,13.248,-0.21359,-13.214,18.721,1.7894e-05,9.4369e-06,10322,0,13.248,0,-0.21359,-13.214,1,-0.22323,0,-0.22323
0.49817,7,1.4282e+07,1,6552,1.225,220.54,0.40222,0.1311,-10859,0.082686,241.12,-3.0499e+06,-3.0499e+06,0,10675,368.22,42.863,0.68582,0.62793,14.701,13.64,-0.21156,-13.156,18.96,1.7894e-05,8.2316e-06,10406,0,13.64,0,-0.21156,-13.156,1,-0.2193,0,-0.22709
0.48671,7,1.4124e+07,1,6552,1.225,224.24,0.40222,0.1311,-11226,0.077128,235.57,-3.46e+06,-3.46e+06,0,10586,368.52,39.137,0.66401,0.58911,14.016,13.978,-0.21372,-13.032,19.119,1.7894e-05,7.5511e-06,10279,0,13.978,0,-0.21372,-13.032,1,-0.2153,0,-0.23088
0.47609,7,1.3938e+07,1,6552,1.225,225.38,0.40222,0.1311,-11112,0.073065,230.43,-3.1302e+06,-3.1302e+06,0,10130,366.52,36.041,0.64934,0.56378,13.968,14.246,-0.21934,-12.813,19.169,1.7894e-05,7.5109e-06,9840.7,0,14.246,0,-0.21934,-12.813,1,-0.21124,0,-0.2346
0.46642,7,1.3675e+07,1,6552,1.225,226.05,0.40222,0.1311,-10863,0.069204,225.75,-2.8571e+06,-2.8571e+06,0,9662.5,364.32,33.148,0.63492,0.53979,13.965,14.496,-0.22605,-12.573,19.199,1.7894e-05,7.5177e-06,9385.8,0,14.496,0,-0.22605,-12.573,1,-0.20711,0,-0.23825
0.45745,7,1.3726e+07,1,6552,1.225,226.46,0.40222,0.1311,-10539,0.065772,221.41,-3.1711e+06,-3.1711e+06,0,9290.3,362.07,30.566,0.62175,0.51869,14.047,14.731,-0.23327,-12.325,19.216,1.7894e-05,7.5534e-06,8975.3,0,14.731,0,-0.23327,-12.325,1,-0.20292,0,-0.24183
0.44878,7,1.4177e+07,1,6552,1.225,232.02,0.40222,0.1311,-11634,0.059894,217.21,-4.9163e+06,-4.9163e+06,0,9719,365.06,27.457,0.59242,0.472,12.617,15.113,-0.22967,-12.23,19.451,1.7894e-05,6.2282e-06,9253.4,0,15.113,0,-0.22967,-12.23,1,-0.19867,0,-0.24534
0.44135,7,1.4319e+07,1,6552,1.225,227.83,0.40222,0.1311,-10050,0.059767,213.61,-4.1073e+06,-4.1073e+06,0,8811.1,358.67,26.278,0.59748,0.48011,14.046,15.2,-0.24473,-11.836,19.277,1.7894e-05,7.3638e-06,8388.8,0,15.2,0,-0.24473,-11.836,1,-0.19436,0,-0.24877
0.43365,7,1.4389e+07,1,6552,1.225,238.45,0.40222,0.1311,-13006,0.051988,209.89,-6.4223e+06,-6.4223e+06,0,9869.1,367,22.924,0.5526,0.41088,11.086,15.727,-0.22793,-11.884,19.72,1.7894e-05,4.8471e-06,9256,0,15.727,0,-0.22793,-11.884,1,-0.18999,0,-0.25212
0.42686,7,1.3987e+07,1,6552,1.225,237.95,0.40222,0.1311,-12557,0.049849,206.6,-5.5226e+06,-5.5226e+06,0,9421.6,364.5,21.332,0.54326,0.39725,11.205,15.927,-0.23094,-11.577,19.7,1.7894e-05,4.9473e-06,8870.8,0,15.927,0,-0.23094,-11.577,1,-0.18556,0,-0.2554
0.42151,7,1.4434e+07,1,6552,1.225,237.65,0.40222,0.1311,-12339,0.047605,204.01,-6.5683e+06,-6.5683e+06,0,9296.1,362.61,19.772,0.53251,0.38192,11.199,16.123,-0.23768,-11.28,19.688,1.7894e-05,4.8824e-06,8642.7,0,16.123,0,-0.23768,-11.28,1,-0.18107,0,-0.2586
0.41713,7,1.4539e+07,1,6552,1.225,234.61,0.40222,0.1311,-11304,0.046787,201.89,-6.1546e+06,-6.1546e+06,0,8746.9,358.27,18.728,0.53107,0.38061,11.962,16.226,-0.25464,-10.904,19.562,1.7894e-05,5.419e-06,8110.7,0,16.226,0,-0.25464,-10.904,1,-0.17653,0,-0.26172
0.41278,7,1.4395e+07,1,6552,1.225,241.69,0.40222,0.1311,-13605,0.041433,199.78,-9.0124e+06,-9.0124e+06,0,9593,364.05,16.39,0.49467,0.33053,9.8093,16.636,-0.24772,-10.818,19.855,1.7894e-05,3.7453e-06,8699.3,0,16.636,0,-0.24772,-10.818,1,-0.17194,0,-0.26476
0.40969,7,1.4233e+07,1,6552,1.225,241.23,0.40222,0.1311,-13348,0.040367,198.29,-1.3857e+07,-1.3857e+07,0,9890.5,362.69,15.427,0.48802,0.32114,9.8792,16.803,-0.25386,-10.519,19.837,1.7894e-05,3.659e-06,8590.5,0,16.803,0,-0.25386,-10.519,1,-0.16729,0,-0.26772
0.40704,7,1.4394e+07,1,6552,1.225,238.99,0.40222,0.1311,-12631,0.039693,197.01,-1.0939e+07,-1.0939e+07,0,9256.2,359.66,14.625,0.48513,0.31857,10.417,16.915,-0.26135,-10.159,19.743,1.7894e-05,4.0089e-06,8195.5,0,16.915,0,-0.26135,-10.159,1,-0.16259,0,-0.2706
0.40402,7,1.4244e+07,1,6552,1.225,245.05,0.40222,0.1311,-14913,0.035608,195.55,-1.147e+07,-1.147e+07,0,9785.9,364.82,12.81,0.45216,0.27753,8.624,17.292,-0.25156,-10.014,19.992,1.7894e-05,2.7996e-06,8683.6,0,17.292,0,-0.25156,-10.014,1,-0.15785,0,-0.2734
0.40209,7,1.361e+07,1,6552,1.225,240.9,0.40222,0.1311,-13567,0.035761,194.61,-1.0033e+07,-1.0033e+07,0,9254.8,360.1,12.312,0.45482,0.28093,9.4382,17.336,-0.27081,-9.5797,19.821,1.7894e-05,3.2912e-06,8281.2,0,17.336,0,-0.27081,-9.5797,1,-0.15305,0,-0.27611
0.40178,7,1.3265e+07,1,6552,1.225,240.15,0.40222,0.1311,-14035,0.035035,194.46,-1.4744e+07,-1.4744e+07,0,9719.6,359.25,11.515,0.44713,0.27018,9.3289,17.476,-0.27107,-9.2522,19.791,1.7894e-05,3.0595e-06,8408,0,17.476,0,-0.27107,-9.2522,1,-0.14821,0,-0.27874
0.40183,7,1.3223e+07,1,6552,1.225,239.58,0.40222,0.1311,-14547,0.033914,194.49,-1.2044e+07,-1.2044e+07,0,9436.8,358.7,10.668,0.43702,0.25861,9.2318,17.612,-0.27208,-8.9358,19.766,1.7894e-05,2.9504e-06,8332.2,0,17.612,0,-0.27208,-8.9358,1,-0.14332,0,-0.28128
0.40163,7,1.3501e+07,1,6552,1.225,242.16,0.40222,0.1311,-16207,0.031847,194.39,-1.5258e+07,-1.5258e+07,0,10015,361.22,9.5562,0.41581,0.23418,8.2754,17.859,-0.26361,-8.6795,19.872,1.7894e-05,2.3251e-06,8624.4,0,17.859,0,-0.26361,-8.6795,1,-0.13839,0,-0.28374
0.40164,7,1.3877e+07,1,6552,1.225,239.18,0.40222,0.1311,-15064,0.032135,194.39,-2.1628e+07,-2.1628e+07,0,10392,358.25,9.144,0.41538,0.23175,8.5406,17.896,-0.28008,-8.3103,19.75,1.7894e-05,2.3106e-06,8499.2,0,17.896,0,-0.28008,-8.3103,1,-0.13342,0,-0.28611
0.40271,7,1.3821e+07,1,6552,1.225,235.97,0.40222,0.1311,-13941,0.032628,194.91,-2.1345e+07,-2.1345e+07,0,10180,355.35,8.7433,0.41559,0.22982,8.8695,17.905,-0.30566,-7.9606,19.618,1.7894e-05,2.3433e-06,8376,0,17.905,0,-0.30566,-7.9606,1,-0.1284,0,-0.2884
0.40468,7,1.3679e+07,1,6552,1.225,236.17,0.40222,0.1311,-14905,0.031805,195.86,-2.0094e+07,-2.0094e+07,0,10330,356.14,7.9685,0.40211,0.21412,8.3937,18.042,-0.30706,-7.6703,19.627,1.7894e-05,2.013e-06,8626.1,0,18.042,0,-0.30706,-7.6703,1,-0.12335,0,-0.29059
0.40672,7,1.4136e+07,1,6552,1.225,240.42,0.40222,0.1311,-18080,0.030271,196.85,-3.0058e+07,-3.0058e+07,0,11849,360.99,6.9675,0.37623,0.18634,7.0934,18.327,-0.28651,-7.4532,19.802,1.7894e-05,1.3084e-06,9353.7,0,18.327,0,-0.28651,-7.4532,1,-0.11826,0,-0.2927
0.40913,7,1.4487e+07,1,6552,1.225,238.88,0.40222,0.1311,-17591,0.030341,198.02,-3.7936e+07,-3.7936e+07,0,12480,360.16,6.4159,0.36746,0.17845,7.1709,18.402,-0.28199,-7.0654,19.734,1.7894e-05,1.2866e-06,9450.8,0,18.402,0,-0.28199,-7.0654,1,-0.11313,0,-0.29472
0.41208,7,1.4487e+07,1,6552,1.225,246.92,0.40222,0.1311,-21902,0.028205,199.45,-5.6206e+07,-5.6206e+07,0,14753,369.08,5.2456,0.32871,0.14191,5.3623,18.84,-0.25866,-6.8356,20.064,1.7894e-05,5.9496e-07,10591,0,18.84,0,-0.25866,-6.8356,1,-0.10797,0,-0.29665
0.41551,7,1.3663e+07,1,6552,1.225,246.15,0.40222,0.1311,-24033,0.028882,201.11,-6.8278e+07,-6.8278e+07,0,15745,369.33,4.7365,0.31789,0.13168,5.218,18.953,-0.28186,-6.3863,20.029,1.7894e-05,5.4288e-07,11006,0,18.953,0,-0.28186,-6.3863,1,-0.10278,0,-0.29849
0.42017,7,1.3297e+07,1,6552,1.225,248.88,0.40222,0.1311,-27561,0.028757,203.36,-7.9953e+07,-7.9953e+07,0,17139,373.44,4.0631,0.29683,0.1122,4.4144,19.188,-0.27466,-6.0155,20.141,1.7894e-05,3.0028e-07,11818,0,19.188,0,-0.27466,-6.0155,1,-0.097554,0,-0.30024
0.42687,7,1.3927e+07,1,6552,1.225,250.83,0.40222,0.1311,-31212,0.026688,206.61,-5.3891e+07,-5.3891e+07,0,16041,377.37,3.4018,0.27414,0.094788,3.7179,19.376,-0.26252,-5.6857,20.22,1.7894e-05,1.7292e-07,12310,0,19.376,0,-0.26252,-5.6857,1,-0.092299,0,-0.3019
0.43333,7,1.4746e+07,1,6552,1.225,247.43,0.40222,0.1311,-31400,0.026616,209.73,-5.2753e+07,-5.2753e+07,0,16221,375.89,3.0686,0.26793,0.089215,3.7265,19.336,-0.2705,-5.3077,20.08,1.7894e-05,1.7422e-07,12699,0,19.336,0,-0.2705,-5.3077,1,-0.087016,0,-0.30346
0.44155,7,1.4918e+07,1,6552,1.225,245.1,0.40222,0.1311,-32340,0.02686,213.71,-6.6105e+07,-6.6105e+07,0,17679,375.99,2.7098,0.25867,0.080911,3.5631,19.348,-0.28494,-4.8496,19.983,1.7894e-05,1.3812e-07,13514,0,19.348,0,-0.28494,-4.8496,1,-0.081707,0,-0.30493
0.4523,7,1.4916e+07,1,6552,1.225,244.49,0.40222,0.1311,-36012,0.025784,218.91,-5.6338e+07,-5.6338e+07,0,18044,378.58,2.2908,0.24269,0.069356,3.1418,19.402,-0.29803,-4.5262,19.958,1.7894e-05,8.6931e-08,14553,0,19.402,0,-0.29803,-4.5262,1,-0.076372,0,-0.30631
0.46384,7,1.4816e+07,1,6552,1.225,242.03,0.40222,0.1311,-37145,0.025501,224.5,-6.9735e+07,-6.9735e+07,0,19814,379.53,1.9611,0.23073,0.060436,2.8758,19.384,-0.3061,-4.1001,19.856,1.7894e-05,6.4959e-08,15828,0,19.384,0,-0.3061,-4.1001,1,-0.071015,0,-0.3076
0.48302,7,1.4507e+07,1,6552,1.225,237.44,0.40222,0.1311,-40489,0.025094,233.78,-6.1068e+07,-6.1068e+07,0,20393,380.63,1.647,0.2189,0.052344,2.7,19.275,-0.31557,-3.6837,19.662,1.7894e-05,6.2282e-08,17038,0,19.275,0,-0.31557,-3.6837,1,-0.065636,0,-0.30879
0.50487,7,1.4541e+07,1,6552,1.225,232.43,0.40222,0.1311,-42218,0.023878,244.36,-3.6089e+07,-3.6089e+07,0,20736,382.1,1.3313,0.20451,0.043785,2.4705,19.123,-0.31913,-3.3508,19.447,1.7894e-05,5.7875e-08,18825,0,19.123,0,-0.31913,-3.3508,1,-0.060236,0,-0.30989
0.53226,7,1.4622e+07,1,6552,1.225,226.87,0.40222,0.1311,-46678,0.022155,257.61,-2.4809e+07,-2.4809e+07,0.014874,22510,384.66,1.0429,0.18891,0.035532,2.1854,18.961,-0.3339,-3.0299,19.232,1.7894e-05,5.0284e-08,21318,0.0091102,18.961,0.043101,-0.3339,-3.0299,1,-0.054819,0,-0.31089
0.57302,7,1.4698e+07,1,6552,1.225,217.28,0.40222,0.1311,-48633,0.020724,277.34,-3.0751e+07,-3.0751e+07,0.038359,26073,387.15,0.80078,0.17505,0.028556,1.9728,18.628,-0.32872,-2.6275,18.848,1.7894e-05,4.5004e-08,24789,0.023495,18.628,0.10086,-0.32872,-2.6275,1,-0.049385,0,-0.3118
0.62631,7,1.4773e+07,1,6552,1.225,205.82,0.40222,0.1311,-50289,0.018939,303.13,-2.5485e+07,-2.5485e+07,0.092539,30285,391.49,0.58575,0.1601,0.021963,1.7455,18.239,-0.31836,-2.2424,18.416,1.7894e-05,3.7011e-08,29350,0.05668,18.239,0.22302,-0.31836,-2.2424,1,-0.043936,0,-0.31262
0.69779,7,1.4466e+07,1,6552,1.225,185.91,0.40222,0.1311,-55927,0.016142,337.73,-1.7167e+07,-1.7167e+07,0.11672,36076,392.77,0.3873,0.14356,0.015933,1.5445,17.374,-0.33518,-1.7281,17.515,1.7894e-05,2.6089e-08,35554,0.071488,17.374,0.25237,-0.33518,-1.7281,1,-0.038473,0,-0.31334
0.79312,7,1.3847e+07,1,6552,1.225,152.35,0.40222,0.1311,-59577,0.013705,383.87,-3.0485e+07,-3.0485e+07,0.56352,44926,387.47,0.24114,0.12672,0.010528,1.4491,16.565,-0.30553,-1.4911,16.72,1.7894e-05,1.6497e-08,44187,0.34515,16.565,1.5104,-0.30553,-1.4911,1,-0.032999,0,-0.31396
0.95459,7,1.4148e+07,1,6552,1.225,119.16,0.40222,0.1311,-34837,0.012996,462.02,-1.0791e+09,-1.0791e+09,0.97568,74575,402.15,0.16742,0.1134,0.0065871,1.2363,14.416,-0.27317,-0.45774,14.906,1.7894e-05,6.8228e-09,59189,0.5976,14.416,1.6242,-0.27317,-0.45774,1,-0.027514,0,-0.31449
0,0,0,0,0,0,0,0,0,0,0,0,0,0,0,0,0,0,0,0,0,0,0,0,0,0,0,0,0,0,0,0,0,0,-0.022021,0,-0.31492
0,0,0,0,0,0,0,0,0,0,0,0,0,0,0,0,0,0,0,0,0,0,0,0,0,0,0,0,0,0,0,0,0,0,-0.016522,0,-0.31526
0,0,0,0,0,0,0,0,0,0,0,0,0,0,0,0,0,0,0,0,0,0,0,0,0,0,0,0,0,0,0,0,0,0,-0.011017,0,-0.3155
0,0,0,0,0,0,0,0,0,0,0,0,0,0,0,0,0,0,0,0,0,0,0,0,0,0,0,0,0,0,0,0,0,0,-0.0055096,0,-0.31564
0,0,0,0,0,0,0,0,0,0,0,0,0,0,0,0,0,0,0,0,0,0,0,0,0,0,0,0,0,0,0,0,0,0,1.933e-17,0,-0.31569
0,0,0,0,0,0,0,0,0,0,0,0,0,0,0,0,0,0,0,0,0,0,0,0,0,0,0,0,0,0,0,0,0,0,0.0055096,0,-0.31564
0,0,0,0,0,0,0,0,0,0,0,0,0,0,0,0,0,0,0,0,0,0,0,0,0,0,0,0,0,0,0,0,0,0,0.011017,0,-0.3155
0,0,0,0,0,0,0,0,0,0,0,0,0,0,0,0,0,0,0,0,0,0,0,0,0,0,0,0,0,0,0,0,0,0,0.016522,0,-0.31526
-1.1263,7,8034.2,1,6552,1.225,21.529,0.40222,0.1311,-43800,3.8081,-545.13,-7.3942e+08,-7.3942e+08,1.7826,1.1333e+05,-312.36,57828,5.1375,35.939,51.377,7.5589,-0.63319,-1.1039,7.8573,1.7894e-05,0.00011942,1.0781e+05,1.0918,7.5589,1.9084,-0.63319,-1.1039,1,0.022021,0,-0.31492
-0.65064,7,8843.6,1,6552,1.225,39.243,0.40222,0.1311,-69913,2.0643,-314.91,-2.7636e+08,-2.7636e+08,1.827,84106,-153.64,12625,3.1851,13.539,33.996,10.166,-0.52265,1.5408,10.651,1.7894e-05,6.7938e-05,77782,1.119,10.166,2.2291,-0.52265,1.5408,1,0.027514,0,-0.31449
-0.48889,7,9912.6,1,6552,1.225,63.619,0.40222,0.1311,-92210,1.6314,-236.62,6.1146e+07,6.1146e+07,1.7316,83695,-81.313,8397.7,2.8016,10.541,36.84,12.848,-0.51103,2.3057,13.244,1.7894e-05,9.6568e-05,82779,1.0606,12.848,2.6859,-0.51103,2.3057,1,0.032999,0,-0.31396
0,0,0,0,0,0,0,0,0,0,0,0,0,0,0,0,0,0,0,0,0,0,0,0,0,0,0,0,0,0,0,0,0,0,0.038473,0,-0.31334
0,0,0,0,0,0,0,0,0,0,0,0,0,0,0,0,0,0,0,0,0,0,0,0,0,0,0,0,0,0,0,0,0,0,0.043936,0,-0.31262
-0.3656,7,13247,1,6552,1.225,89.066,0.40222,0.1311,-2.0894e+05,3.0549,-176.95,-4.2963e+07,-4.2963e+07,0.19264,68931,-19.317,4224.9,2.7292,8.396,29.483,11.479,-1.4912,2.4303,11.89,1.7894e-05,3.714e-05,67814,0.11799,11.479,0.23234,-1.4912,2.4303,1,0.049385,0,-0.3118
-0.33674,7,14315,1,6552,1.225,86.297,0.40222,0.1311,-2.0447e+05,2.4515,-162.98,-9.388e+06,-9.388e+06,0.14732,69903,-13.53,3668.9,2.3744,6.2028,25.603,11.185,-1.4354,2.0942,11.522,1.7894e-05,2.1323e-05,69802,0.090233,11.185,0.1997,-1.4354,2.0942,1,0.054819,0,-0.31089
-0.31817,7,15829,1,6552,1.225,87.269,0.40222,0.1311,-1.4554e+05,1.9127,-154,-5.3819e+06,-5.3819e+06,0.12288,68636,-7.0532,3480.3,2.2638,6.0315,25.168,11.18,-1.0337,2.3132,11.493,1.7894e-05,2.3171e-05,68544,0.075267,11.18,0.17237,-1.0337,2.3132,1,0.060236,0,-0.30989
-0.31516,7,15706,1,6552,1.225,84.372,0.40222,0.1311,-78933,1.4901,-152.54,-1.248e+06,-1.248e+06,-0.00024742,67018,-9.0583,3171.4,2.1974,6.0108,25.098,10.762,-0.59933,2.3345,11.039,1.7894e-05,2.3823e-05,66978,-0.00015155,10.762,-0.00035176,-0.59933,2.3345,1,0.065636,0,-0.30879
-0.31491,7,16180,1,6552,1.225,82.968,0.40222,0.1311,-57925,1.2342,-152.42,-4.8121e+06,-4.8121e+06,0,65188,-10.388,2962.6,2.1681,6.0877,25.588,10.63,-0.44848,2.451,10.924,1.7894e-05,2.4788e-05,65120,0,10.63,0,-0.44848,2.451,1,0.071015,0,-0.3076
-0.31277,7,17387,1,6552,1.225,82.508,0.40222,0.1311,-66048,1.1035,-151.38,-5.8209e+06,-5.8209e+06,0,64946,-10.214,2869.2,2.1601,6.1841,25.634,10.554,-0.51233,2.6426,10.9,1.7894e-05,2.4172e-05,64871,0,10.554,0,-0.51233,2.6426,1,0.076372,0,-0.30631
-0.31012,7,17548,1,6552,1.225,74.682,0.40222,0.1311,-74614,1.0978,-150.1,-4.8088e+06,-4.8088e+06,0,60475,-17.252,2881.7,2.2152,6.5481,28.767,9.8807,-0.65962,2.6601,10.269,1.7894e-05,3.0611e-05,60409,0,9.8807,0,-0.65962,2.6601,1,0.081707,0,-0.30493
-0.30689,7,18660,1,6552,1.225,66.71,0.40222,0.1311,-78174,1.1492,-148.53,-4.5165e+06,-4.5165e+06,0,56271,-24.267,2987.2,2.2889,6.9816,31.915,9.2095,-0.78522,2.6576,9.6374,1.7894e-05,3.6708e-05,56208,0,9.2095,0,-0.78522,2.6576,1,0.087016,0,-0.30346
-0.30381,7,19690,1,6552,1.225,61.696,0.40222,0.1311,-81011,1.203,-147.04,-3.8801e+06,-3.8801e+06,0,54267,-28.368,3094.4,2.3416,7.2774,33.551,8.7783,-0.87161,2.7072,9.2501,1.7894e-05,3.9337e-05,54211,0,8.7783,0,-0.87161,2.7072,1,0.092299,0,-0.3019
-0.30112,7,20027,1,6552,1.225,62.204,0.40222,0.1311,-85026,1.2354,-145.74,-3.7763e+06,-3.7763e+06,0,55034,-27.062,3190.7,2.3631,7.4088,33.516,8.7689,-0.90185,2.8604,9.2907,1.7894e-05,3.8648e-05,54977,0,8.7689,0,-0.90185,2.8604,1,0.097554,0,-0.30024
-0.29868,7,21310,1,6552,1.225,59.131,0.40222,0.1311,-84220,1.2737,-144.56,-3.9433e+06,-3.9433e+06,0,53797,-29.412,3274.1,2.3947,7.5785,34.201,8.5128,-0.93251,2.9465,9.079,1.7894e-05,3.9256e-05,53736,0,8.5128,0,-0.93251,2.9465,1,0.10278,0,-0.29849
-0.29662,7,22266,1,6552,1.225,51.226,0.40222,0.1311,-77559,1.3185,-143.57,-3.4989e+06,-3.4989e+06,0,49483,-36.708,3331.3,2.4433,7.8302,36.46,7.8962,-0.97662,2.8993,8.4898,1.7894e-05,4.3458e-05,49426,0,7.8962,0,-0.97662,2.8993,1,0.10797,0,-0.29665
-0.29516,7,22936,1,6552,1.225,41.693,0.40222,0.1311,-65359,1.2896,-142.86,-2.6649e+06,-2.6649e+06,0,42237,-45.806,3156.7,2.4502,7.8498,40.874,7.0276,-1.0281,2.727,7.6337,1.7894e-05,5.7028e-05,42187,0,7.0276,0,-1.0281,2.727,1,0.11313,0,-0.29472
-0.29438,7,23440,1,6552,1.225,35.668,0.40222,0.1311,-56055,1.2419,-142.48,-2.1385e+06,-2.1385e+06,0,36852,-51.601,2957.1,2.4346,7.7465,44.021,6.4519,-1.0536,2.6392,7.0763,1.7894e-05,6.7578e-05,36806,0,6.4519,0,-1.0536,2.6392,1,0.11826,0,-0.2927
-0.29421,7,23725,1,6552,1.225,33.614,0.40222,0.1311,-51817,1.2211,-142.4,-1.9301e+06,-1.9301e+06,0,34716,-53.606,2866.3,2.4244,7.6718,44.718,6.2888,-1.0464,2.7013,6.9468,1.7894e-05,6.9445e-05,34671,0,6.2888,0,-1.0464,2.7013,1,0.12335,0,-0.29059
-0.29473,7,24221,1,6552,1.225,28.833,0.40222,0.1311,-43912,1.1839,-142.65,-1.5121e+06,-1.5121e+06,0,30289,-58.539,2699.9,2.4114,7.5814,47.016,5.8878,-1.0476,2.6517,6.5602,1.7894e-05,7.6384e-05,30247,0,5.8878,0,-1.0476,2.6517,1,0.1284,0,-0.2884
-0.29609,7,25334,1,6552,1.225,23.684,0.40222,0.1311,-33655,1.0777,-143.31,-1.0764e+06,-1.0764e+06,0,24004,-64.091,2339,2.3568,7.2825,51.618,5.3054,-1.0582,2.5064,5.979,1.7894e-05,9.3387e-05,23967,0,5.3054,0,-1.0582,2.5064,1,0.13342,0,-0.28611
-0.29777,7,25779,1,6552,1.225,28.812,0.40222,0.1311,-38971,1.1444,-144.12,-1.3678e+06,-1.3678e+06,0,28224,-59.463,2527,2.3858,7.421,47.838,5.8734,-0.99901,2.8937,6.6369,1.7894e-05,7.7985e-05,28182,0,5.8734,0,-0.99901,2.8937,1,0.13839,0,-0.28374
-0.30009,7,27363,1,6552,1.225,30.59,0.40222,0.1311,-37504,1.0987,-145.25,-1.5154e+06,-1.5154e+06,0,27506,-58.373,2373.5,2.3502,7.23,48.676,5.9119,-0.98034,3.0401,6.7343,1.7894e-05,8.1885e-05,27461,0,5.9119,0,-0.98034,3.0401,1,0.14332,0,-0.28128
-0.30267,7,28475,1,6552,1.225,31.944,0.40222,0.1311,-37136,1.0948,-146.49,-1.5618e+06,-1.5618e+06,0,27616,-57.782,2328.6,2.342,7.1784,48.591,5.9879,-0.9607,3.2098,6.875,1.7894e-05,8.1025e-05,27569,0,5.9879,0,-0.9607,3.2098,1,0.14821,0,-0.27874
-0.3055,7,29061,1,6552,1.225,35.349,0.40222,0.1311,-40007,1.1412,-147.86,-1.7323e+06,-1.7323e+06,0,30161,-55.217,2427,2.3601,7.2604,46.362,6.2889,-0.9291,3.5186,7.2772,1.7894e-05,7.1906e-05,30112,0,6.2889,0,-0.9291,3.5186,1,0.15305,0,-0.27611
-0.30888,7,30582,1,6552,1.225,28.571,0.40222,0.1311,-31124,1.0937,-149.5,-1.5004e+06,-1.5004e+06,0,24076,-62.998,2221.5,2.3541,7.2468,52.022,5.6232,-0.95892,3.2713,6.5858,1.7894e-05,8.9664e-05,24028,0,5.6232,0,-0.95892,3.2713,1,0.15785,0,-0.2734
-0.31205,7,31653,1,6552,1.225,27.679,0.40222,0.1311,-29090,1.1087,-151.03,-1.5313e+06,-1.5313e+06,0,22882,-64.829,2211.4,2.3697,7.3376,53.69,5.4953,-0.95785,3.3212,6.5009,1.7894e-05,9.4037e-05,22830,0,5.4953,0,-0.95785,3.3212,1,0.16259,0,-0.2706
-0.31504,7,32119,1,6552,1.225,33.778,0.40222,0.1311,-35177,1.2123,-152.48,-2.1542e+06,-2.1542e+06,0,27693,-59.617,2476.2,2.4204,7.6042,50.103,6.0104,-0.92208,3.7727,7.1648,1.7894e-05,8.0385e-05,27630,0,6.0104,0,-0.92208,3.7727,1,0.16729,0,-0.26772
-0.31797,7,33034,1,6552,1.225,34.49,0.40222,0.1311,-34768,1.2397,-153.9,-2.3371e+06,-2.3371e+06,0,28454,-59.771,2519.6,2.4312,7.6592,49.615,5.9996,-0.89711,3.918,7.23,1.7894e-05,7.8378e-05,28387,0,5.9996,0,-0.89711,3.918,1,0.17194,0,-0.26476
-0.32067,7,34645,1,6552,1.225,30.977,0.40222,0.1311,-29131,1.2363,-155.21,-2.1493e+06,-2.1493e+06,0,26010,-64.086,2457.8,2.438,7.7075,52.334,5.6163,-0.86153,3.8068,6.847,1.7894e-05,8.6904e-05,25945,0,5.6163,0,-0.86153,3.8068,1,0.17653,0,-0.26172
-0.32327,7,35866,1,6552,1.225,34.23,0.40222,0.1311,-30358,1.3421,-156.46,-2.8712e+06,-2.8712e+06,0,29917,-61.603,2749.8,2.5005,8.0574,49.576,5.8813,-0.78385,4.1498,7.246,1.7894e-05,7.5449e-05,29838,0,5.8813,0,-0.78385,4.1498,1,0.18107,0,-0.2586
-0.32534,7,38334,1,6552,1.225,28.948,0.40222,0.1311,-20552,1.3008,-157.46,-2.3906e+06,-2.3906e+06,0,25771,-67.498,2591.9,2.4913,8.0371,54.194,5.2947,-0.67224,3.8642,6.5953,1.7894e-05,9.1569e-05,25700,0,5.2947,0,-0.67224,3.8642,1,0.18556,0,-0.2554
-0.32714,7,39933,1,6552,1.225,30.163,0.40222,0.1311,-16146,1.3564,-158.34,-2.7779e+06,-2.7779e+06,0,27807,-66.818,2763.8,2.5269,8.2597,53.148,5.3181,-0.51237,4.0256,6.695,1.7894e-05,8.7598e-05,27729,0,5.3181,0,-0.51237,4.0256,1,0.18999,0,-0.25212
-0.32834,7,41257,1,6552,1.225,27.443,0.40222,0.1311,-6431,1.388,-158.91,-2.5386e+06,-2.5386e+06,0,26819,-69.893,2844.4,2.5631,8.4996,55.088,5.0036,-0.29425,3.9194,6.368,1.7894e-05,9.3429e-05,26746,0,5.0036,0,-0.29425,3.9194,1,0.19436,0,-0.24877
-0.32918,7,42686,1,6552,1.225,24.111,0.40222,0.1311,4308.2,1.4208,-159.32,-2.2046e+06,-2.2046e+06,0,25658,-73.475,2938,2.6065,8.8051,57.663,4.5941,-0.017726,3.7203,5.9229,1.7894e-05,0.00010141,25593,0,4.5941,0,-0.017726,3.7203,1,0.19867,0,-0.24534
-0.32985,7,43439,1,6552,1.225,27.302,0.40222,0.1311,16498,1.5462,-159.65,-2.7745e+06,-2.7745e+06,0,31199,-70.482,3414.5,2.6887,9.3486,54.101,4.7815,0.24741,4.0266,6.2676,1.7894e-05,8.7668e-05,31128,0,4.7815,0,0.24741,4.0266,1,0.20292,0,-0.24183
-0.33028,7,46475,1,6552,1.225,20.215,0.40222,0.1311,27810,1.6257,-159.86,-1.9172e+06,-1.9172e+06,0,27570,-77.697,3601.8,2.7808,10.027,60.767,3.9504,0.647,3.4218,5.3063,1.7894e-05,0.00010852,27517,0,3.9504,0,0.647,3.4218,1,0.20711,0,-0.23825
-0.33085,7,49082,1,6552,1.225,17.001,0.40222,0.1311,39978,1.8222,-160.13,-1.6571e+06,-1.6571e+06,0,28372,-81.079,4186.3,2.9173,11.007,63.693,3.434,1.0199,3.0645,4.8116,1.7894e-05,0.0001164,28327,0,3.434,0,1.0199,3.0645,1,0.21124,0,-0.2346
-0.33156,7,51115,1,6552,1.225,16.448,0.40222,0.1311,61066,2.1589,-160.47,-1.8039e+06,-1.8039e+06,0,34513,-81.842,5370.5,3.1105,12.398,61.639,3.2834,1.3297,3.0489,4.803,1.7894e-05,0.00010501,34469,0,3.2834,0,1.3297,3.0489,1,0.2153,0,-0.23088
-0.3333,7,54651,1,6552,1.225,9.8687,0.40222,0.1311,60139,2.3703,-161.32,-9.0204e+05,-9.0204e+05,0,29651,-88.939,5866.4,3.2293,13.332,70.607,1.9716,1.754,1.8432,3.6755,1.7894e-05,0.00014106,29627,0,1.9716,0,1.754,1.8432,1,0.2193,0,-0.22709
-0.33641,7,57417,1,6552,1.225,7.9557,0.40222,0.1311,69887,2.5948,-162.82,-6.4575e+05,-6.4575e+05,0,31256,-91.773,6920.9,3.3597,14.392,72.016,1.2382,2.067,1.1729,3.3916,1.7894e-05,0.00015071,31241,0,1.2382,0,2.067,1.1729,1,0.22323,0,-0.22323
-0.34131,7,59919,1,6552,1.225,7.3028,0.40222,0.1311,84892,2.7639,-165.19,-7.5108e+05,-7.5108e+05,0,35388,-93.879,8358.8,3.4787,15.463,69.944,0.71,2.3139,0.68481,3.3388,1.7894e-05,0.00014799,35374,0,0.71,0,2.3139,0.68481,1,0.22709,0,-0.2193
-0.34761,7,63660,1,6552,1.225,8.3214,0.40222,0.1311,76614,2.3993,-168.25,-6.3154e+05,-6.3154e+05,0,29963,-94.729,8016.6,3.4146,15.184,74.385,-0.31731,2.663,-0.39497,3.53,1.7894e-05,0.00018374,29955,0,-0.31731,0,2.663,-0.39497,1,0.23088,0,-0.2153
-0.35452,7,66841,1,6552,1.225,10.214,0.40222,0.1311,82856,2.1448,-171.59,-1.0899e+06,-1.0899e+06,0,30284,-94.884,8381.9,3.3955,15.261,73.18,-0.77162,2.9355,-0.88866,3.8845,1.7894e-05,0.00019056,30269,0,-0.77162,0,2.9355,-0.88866,1,0.2346,0,-0.21124
-0.36206,7,69804,1,6552,1.225,11.814,0.40222,0.1311,99179,1.9869,-175.23,-2.4879e+06,-2.4879e+06,0,33615,-95.517,9207.8,3.408,15.554,69.394,-0.85941,3.1643,-0.98886,4.1414,1.7894e-05,0.00017997,33574,0,-0.85941,0,3.1643,-0.98886,1,0.23825,0,-0.20711
-0.36772,7,74035,1,6552,1.225,14.526,0.40222,0.1311,1.0925e+05,1.8089,-177.98,-2.6165e+06,-2.6165e+06,0,34108,-94.485,9294.2,3.3689,15.335,68.507,-0.98451,3.4842,-1.1762,4.5973,1.7894e-05,0.00018405,34072,0,-0.98451,0,3.4842,-1.1762,1,0.24183,0,-0.20292
-0.37434,7,78187,1,6552,1.225,15.785,0.40222,0.1311,1.1989e+05,1.7051,-181.18,-3.0192e+06,-3.0192e+06,0,34295,-95.187,9289.8,3.3324,15.075,66.61,-1.0331,3.7928,-1.267,4.8442,1.7894e-05,0.00017925,34247,0,-1.0331,0,3.7928,-1.267,1,0.24534,0,-0.19867
-0.3792,7,83482,1,6552,1.225,17.693,0.40222,0.1311,1.0198e+05,1.4788,-183.53,-3.1109e+06,-3.1109e+06,0,26973,-94.72,7946.3,3.2273,14.256,70.654,-1.4721,4.1768,-1.8757,5.2416,1.7894e-05,0.00020636,26916,0,-1.4721,0,4.1768,-1.8757,1,0.24877,0,-0.19436
-0.38267,7,88135,1,6552,1.225,18.532,0.40222,0.1311,1.0858e+05,1.4536,-185.21,-4.8986e+06,-4.8986e+06,0,27037,-94.91,7950.7,3.2133,14.146,70.175,-1.3744,4.3824,-1.821,5.3797,1.7894e-05,0.00020645,26943,0,-1.3744,0,4.3824,-1.821,1,0.25212,0,-0.18999
-0.38318,7,92839,1,6552,1.225,19.181,0.40222,0.1311,1.2672e+05,1.4894,-185.46,-6.6444e+06,-6.6444e+06,0,30432,-94.413,8418.7,3.22,14.185,67.639,-1.0485,4.4255,-1.4623,5.4335,1.7894e-05,0.00019582,30307,0,-1.0485,0,4.4255,-1.4623,1,0.2554,0,-0.18556
-0.38022,7,98621,1,6552,1.225,18.774,0.40222,0.1311,1.1286e+05,1.4068,-184.03,-1.3281e+07,-1.3281e+07,0,27226,-93.943,7795.2,3.1702,13.782,69.173,-1.171,4.4182,-1.7038,5.4009,1.7894e-05,0.00020707,26957,0,-1.171,0,4.4182,-1.7038,1,0.2586,0,-0.18107
-0.37271,7,1.0496e+05,1,6552,1.225,17.945,0.40222,0.1311,87179,1.2898,-180.39,-1.5267e+07,-1.5267e+07,0,21793,-92.544,6820,3.1059,13.272,73.166,-1.4339,4.2505,-2.1723,5.3086,1.7894e-05,0.00023244,21469,0,-1.4339,0,4.2505,-2.1723,1,0.26172,0,-0.17653
-0.36219,7,1.0953e+05,1,6552,1.225,15.158,0.40222,0.1311,93187,1.4247,-175.3,-3.0212e+07,-3.0212e+07,0,25200,-92.213,7665.1,3.1789,13.848,70.722,-1.2131,3.8696,-1.8853,4.8539,1.7894e-05,0.00021597,24544,0,-1.2131,0,3.8696,-1.8853,1,0.26476,0,-0.17194
-0.34301,7,1.1584e+05,1,6552,1.225,13.808,0.40222,0.1311,73400,1.3659,-166.02,-2.7563e+07,-2.7563e+07,0,22526,-87.878,7137.4,3.1396,13.52,73.297,-1.3537,3.2774,-2.2291,4.5808,1.7894e-05,0.00023449,21928,0,-1.3537,0,3.2774,-2.2291,1,0.26772,0,-0.16729
-0.31607,7,1.2185e+05,1,6552,1.225,11.899,0.40222,0.1311,58366,1.399,-152.98,-3.2513e+07,-3.2513e+07,0,22079,-81.8,7215.2,3.1588,13.668,74.463,-1.4155,2.4939,-2.4375,4.1927,1.7894e-05,0.00024174,21381,0,-1.4155,0,2.4939,-2.4375,1,0.2706,0,-0.16259
-0.28189,7,1.2687e+05,1,6552,1.225,9.7149,0.40222,0.1311,49825,1.5628,-136.44,-5.7818e+07,-5.7818e+07,0,26867,-73.852,8395.3,3.2579,14.482,72.063,-1.2692,1.5931,-2.2523,3.6426,1.7894e-05,0.00022446,25665,0,-1.2692,0,1.5931,-2.2523,1,0.2734,0,-0.15785
-0.23315,7,1.3378e+05,1,6552,1.225,9.5288,0.40222,0.1311,24588,1.4909,-112.85,-4.5799e+07,-4.5799e+07,0,23945,-59.59,7867,3.2206,14.18,74.078,-1.4892,0.49259,-2.7497,3.6174,1.7894e-05,0.00023858,22987,0,-1.4892,0,0.49259,-2.7497,1,0.27611,0,-0.15305
-0.1746,7,1.4081e+05,1,6552,1.225,10.221,0.40222,0.1311,3141.4,1.3558,-84.508,-2.8509e+07,-2.8509e+07,0,21365,-41.541,7051.4,3.1284,13.436,74.02,-1.59,-0.67604,-3.023,3.8154,1.7894e-05,0.00024222,20762,0,-1.59,0,-0.67604,-3.023,1,0.27874,0,-0.14821
-0.11052,7,1.465e+05,1,6552,1.225,10.079,0.40222,0.1311,-21579,1.329,-53.494,-2.3563e+07,-2.3563e+07,0,24333,-22.686,7174.4,3.0856,13.085,68.771,-1.3575,-1.7682,-2.5725,3.7359,1.7894e-05,0.00021301,23836,0,-1.3575,0,-1.7682,-2.5725,1,0.28128,0,-0.14332
-0.043153,7,1.54e+05,1,6552,1.225,11.428,0.40222,0.1311,-45397,1.176,-20.886,-1.6579e+07,-1.6579e+07,0,22524,-1.3643,6049.7,2.9399,11.903,66.397,-1.1025,-2.9426,-2.0029,4.1326,1.7894e-05,0.00020234,22142,0,-1.1025,0,-2.9426,-2.0029,1,0.28374,0,-0.13839
0.0096833,7,1.6223e+05,1,6552,1.225,14.547,0.40222,0.1311,-66841,1.0556,4.6867,-1.8098e+07,-1.8098e+07,0,19983,17.417,4869.5,2.8018,10.801,65.172,-0.61142,-4.0975,-0.84883,4.7602,1.7894e-05,0.00019397,19477,0,-0.61142,0,-4.0975,-0.84883,1,0.28611,0,-0.13342
0.044539,7,1.692e+05,1,6552,1.225,19.897,0.40222,0.1311,-1.0362e+05,1.0447,21.557,-3.3663e+07,-3.3663e+07,0,21913,33.101,4483.4,2.7454,10.32,61.191,0.20876,-5.0213,1.0821,5.5789,1.7894e-05,0.00016717,20902,0,0.20876,0,-5.0213,1.0821,1,0.2884,0,-0.1284
0.047626,7,1.7791e+05,1,6552,1.225,30.036,0.40222,0.1311,-1.1867e+05,1.0049,23.051,-4.9852e+07,-4.9852e+07,0,20227,44.155,3790.2,2.6822,9.8264,60.922,1.0078,-5.7855,3.0224,6.8769,1.7894e-05,0.000161,18508,0,1.0078,0,-5.7855,3.0224,1,0.29059,0,-0.12335
0.020952,7,1.8656e+05,1,6552,1.225,44.837,0.40222,0.1311,-1.3183e+05,0.96423,10.141,-4.9348e+07,-4.9348e+07,0,18903,51.048,3195.9,2.5999,9.2116,59.152,1.8463,-6.2786,5.0637,8.4431,1.7894e-05,0.00015101,17003,0,1.8463,0,-6.2786,5.0637,1,0.2927,0,-0.11826
-0.020692,7,1.9628e+05,1,6552,1.225,60.494,0.40222,0.1311,-1.3154e+05,0.8904,-10.015,-3.2768e+07,-3.2768e+07,0,16352,54.36,2502,2.4848,8.3914,58.013,2.4763,-6.5116,6.8032,9.8505,1.7894e-05,0.00014311,14893,0,2.4763,0,-6.5116,6.8032,1,0.29472,0,-0.11313
-0.060489,7,2.0642e+05,1,6552,1.225,73.382,0.40222,0.1311,-1.3119e+05,0.83348,-29.277,-2.9201e+07,-2.9201e+07,0,15095,55.45,2051.5,2.3983,7.8028,57.124,2.8709,-6.4728,8.1873,10.901,1.7894e-05,0.00013236,13929,0,2.8709,0,-6.4728,8.1873,1,0.29665,0,-0.10797
-0.093472,7,2.1474e+05,1,6552,1.225,85.958,0.40222,0.1311,-1.6194e+05,0.81417,-45.24,-4.7437e+07,-4.7437e+07,0,18329,58.248,1911.3,2.3336,7.365,52.474,3.1522,-6.0978,9.5436,11.816,1.7894e-05,0.00010528,16867,0,3.1522,0,-6.0978,9.5436,1,0.29849,0,-0.10278
-0.10983,7,2.268e+05,1,6552,1.225,88.197,0.40222,0.1311,-1.36e+05,0.75577,-53.156,-2.3021e+07,-2.3021e+07,0,15392,55.638,1572.7,2.2587,6.9075,53.546,3.1187,-5.7744,9.953,11.972,1.7894e-05,0.00010385,14613,0,3.1187,0,-5.7744,9.953,1,0.30024,0,-0.097554
-0.12154,7,2.3866e+05,1,6552,1.225,89.464,0.40222,0.1311,-1.2158e+05,0.71654,-58.824,-1.0063e+07,-1.0063e+07,0,14146,53.434,1350.3,2.1987,6.5438,53.489,3.058,-5.3892,10.298,12.059,1.7894e-05,9.7602e-05,13762,0,3.058,0,-5.3892,10.298,1,0.3019,0,-0.092299
-0.13079,7,2.4848e+05,1,6552,1.225,93.915,0.40222,0.1311,-1.365e+05,0.69619,-63.301,-3.9307e+06,-3.9307e+06,0,16379,55.143,1242.2,2.1392,6.1796,49.727,3.0356,-4.8786,10.878,12.341,1.7894e-05,8.0164e-05,16211,0,3.0356,0,-4.8786,10.878,1,0.30346,0,-0.087016
-0.14113,7,2.6163e+05,1,6552,1.225,92.843,0.40222,0.1311,-1.2039e+05,0.68576,-68.305,-1.629e+06,-1.629e+06,0,15498,51.007,1135.2,2.1301,6.1305,51.195,2.8956,-4.5719,10.978,12.271,1.7894e-05,7.7161e-05,15412,0,2.8956,0,-4.5719,10.978,1,0.30493,0,-0.081707
-0.15215,7,2.7552e+05,1,6552,1.225,90.661,0.40222,0.1311,-1.0433e+05,0.69436,-73.641,-1.9313e+06,-1.9313e+06,0,14638,45.556,1080.9,2.1503,6.2486,53.542,2.7096,-4.3081,10.987,12.132,1.7894e-05,7.5839e-05,14542,0,2.7096,0,-4.3081,10.987,1,0.30631,0,-0.076372
-0.16262,7,2.872e+05,1,6552,1.225,93.064,0.40222,0.1311,-1.126e+05,0.72354,-78.708,-4.2818e+06,-4.2818e+06,0,16823,44.855,1097.6,2.1679,6.3416,52.393,2.5854,-3.9458,11.304,12.274,1.7894e-05,6.6832e-05,16657,0,2.5854,0,-3.9458,11.304,1,0.3076,0,-0.071015
-0.16992,7,3.0114e+05,1,6552,1.225,90.105,0.40222,0.1311,-1.0464e+05,0.7749,-82.24,-5.7609e+06,-5.7609e+06,0,17271,39.733,1135.6,2.2232,6.6565,54.369,2.3661,-3.6535,11.237,12.072,1.7894e-05,6.5399e-05,17053,0,2.3661,0,-3.6535,11.237,1,0.30879,0,-0.065636
-0.17097,7,3.1738e+05,1,6552,1.225,81.189,0.40222,0.1311,-85232,0.86605,-82.748,-3.6432e+06,-3.6432e+06,0,16402,30.506,1214.9,2.3211,7.2323,59.411,2.0814,-3.3903,10.74,11.467,1.7894e-05,7.0198e-05,16242,0,2.0814,0,-3.3903,10.74,1,0.30989,0,-0.060236
-0.16965,7,3.313e+05,1,6552,1.225,76.842,0.40222,0.1311,-83731,0.99458,-82.109,-3.3836e+06,-3.3836e+06,0,18361,26.551,1368.3,2.4145,7.7831,60.685,1.8463,-3.0265,10.533,11.128,1.7894e-05,6.7858e-05,18215,0,1.8463,0,-3.0265,10.533,1,0.31089,0,-0.054819
-0.16714,7,3.459e+05,1,6552,1.225,71.201,0.40222,0.1311,-80559,1.1785,-80.895,-2.3723e+06,-2.3723e+06,0,20628,21.653,1599.7,2.5407,8.5498,62.656,1.5973,-2.6652,10.197,10.676,1.7894e-05,6.7597e-05,20528,0,1.5973,0,-2.6652,10.197,1,0.3118,0,-0.049385
-0.16973,7,3.6474e+05,1,6552,1.225,58.154,0.40222,0.1311,-65988,1.5302,-82.148,-2.0374e+06,-2.0374e+06,0,20919,7.8383,2009.8,2.7583,9.9499,70.622,1.2955,-2.4021,9.2184,9.6266,1.7894e-05,7.8861e-05,20835,0,1.2955,0,-2.4021,9.2184,1,0.31262,0,-0.043936
-0.17464,7,3.8121e+05,1,6552,1.225,51.48,0.40222,0.1311,-65628,1.964,-84.526,-2.4786e+06,-2.4786e+06,0,24222,-0.29268,2595.8,2.9659,11.318,73.366,1.0748,-2.1058,8.6394,8.9735,1.7894e-05,8.1466e-05,24139,0,1.0748,0,-2.1058,8.6394,1,0.31334,0,-0.038473
-0.18182,7,3.9838e+05,1,6552,1.225,46.815,0.40222,0.1311,-69310,2.4839,-87.998,-3.1802e+06,-3.1802e+06,0,29026,-7.0837,3406.6,3.174,12.749,74.274,0.88132,-1.8241,8.0978,8.3734,1.7894e-05,8.4315e-05,28941,0,0.88132,0,-1.8241,8.0978,1,0.31396,0,-0.032999
-0.19197,7,4.195e+05,1,6552,1.225,28.207,0.40222,0.1311,-52168,3.2387,-92.911,-2.3013e+06,-2.3013e+06,0,27827,-28.701,4551.6,3.445,14.632,83.915,0.58058,-1.6123,6.0702,6.3406,1.7894e-05,0.00011044,27765,0,0.58058,0,-1.6123,6.0702,1,0.31449,0,-0.027514
-0.20443,7,4.362e+05,1,6552,1.225,15.017,0.40222,0.1311,-40430,3.843,-98.943,-1.5482e+06,-1.5482e+06,0,27088,-45.585,5745.1,3.6375,16.022,90.299,0.35018,-1.3679,4.1263,4.4451,1.7894e-05,0.00014008,27048,0,0.35018,0,-1.3679,4.1263,1,0.31492,0,-0.022021
-0.219,7,4.5432e+05,1,6552,1.225,7.1663,0.40222,0.1311,-30685,3.9664,-105.99,-9.5177e+05,-9.5177e+05,0,25101,-57.755,6658.6,3.706,16.653,95.089,0.19584,-1.1568,2.1049,2.7911,1.7894e-05,0.00018225,25077,0,0.19584,0,-1.1568,2.1049,1,0.31526,0,-0.016522
-0.23544,7,4.7597e+05,1,6552,1.225,3.5525,0.40222,0.1311,-23336,3.6561,-113.95,-6.378e+05,-6.378e+05,0,23026,-66.244,7216,3.6885,16.781,95.471,0.095756,-0.98042,0.28658,2.0148,1.7894e-05,0.00021416,23011,0,0.095756,0,-0.98042,0.28658,1,0.3155,0,-0.011017
-0.25477,7,5.0062e+05,1,6552,1.225,4.8944,0.40222,0.1311,-16325,2.8838,-123.31,-3.5911e+05,-3.5911e+05,0,19402,-70.632,6902.7,3.5693,16.284,100.02,0.065712,-0.81644,-1.574,2.5411,1.7894e-05,0.0002727,19397,0,0.065712,0,-0.81644,-1.574,1,0.31564,0,-0.0055096
-0.27488,7,5.1433e+05,1,6552,1.225,6.0761,0.40222,0.1311,-12881,2.3946,-133.04,-3.3392e+05,-3.3392e+05,0,19336,-75.411,7329.1,3.5234,16.273,93.64,0.069104,-0.65734,-2.6007,2.9894,1.7894e-05,0.00026805,19336,0,0.069104,0,-0.65734,-2.6007,1,0.31569,0,0
-0.29459,7,5.2943e+05,1,6552,1.225,9.6028,0.40222,0.1311,-9716.2,1.9312,-142.58,-6.2129e+05,-6.2129e+05,0,18308,-77.727,7296.3,3.463,16.104,93.312,0.1272,-0.53472,-3.5994,3.7602,1.7894e-05,0.00028712,18301,0,0.1272,0,-0.53472,-3.5994,1,0.31564,0,0.0055096
-0.31213,7,5.5405e+05,1,6552,1.225,14.298,0.40222,0.1311,-7515.3,1.5792,-151.07,-4.225e+05,-4.225e+05,0,16912,-78.232,7004.4,3.3995,15.804,95.159,0.20927,-0.45227,-4.5486,4.6178,1.7894e-05,0.00031094,16909,0,0.20927,0,-0.45227,-4.5486,1,0.3155,0,0.011017
-0.32844,7,5.8543e+05,1,6552,1.225,19.679,0.40222,0.1311,-5970.1,1.3305,-158.97,-1.4498e+05,-1.4498e+05,0,15591,-77.688,6648.7,3.3494,15.549,99.281,0.31723,-0.39754,-5.418,5.4621,1.7894e-05,0.00034101,15601,0,0.31723,0,-0.39754,-5.418,1,0.31526,0,0.016522
-0.34436,7,6.0631e+05,1,6552,1.225,20.141,0.40222,0.1311,-5673.6,1.3648,-166.67,-32701,-32701,0,17070,-81.946,7375.3,3.3954,15.975,92.355,0.40437,-0.35086,-5.5318,5.5799,1.7894e-05,0.00031007,17086,0,0.40437,0,-0.35086,-5.5318,1,0.31492,0,0.022021
-0.35553,7,6.3766e+05,1,6552,1.225,23.974,0.40222,0.1311,-5132.9,1.2981,-172.08,44304,44304,0,17056,-81.423,7429.1,3.3923,16.025,94.631,0.54061,-0.34476,-6.0229,6.0745,1.7894e-05,0.00032343,17077,0,0.54061,0,-0.34476,-6.0229,1,0.31449,0,0.027514
-0.36492,7,6.6539e+05,1,6552,1.225,25.56,0.40222,0.1311,-5030.9,1.2849,-176.62,1.6558e+05,1.6558e+05,0,17498,-82.62,7684.6,3.4022,16.135,91.716,0.65951,-0.34256,-6.241,6.303,1.7894e-05,0.00031196,17522,0,0.65951,0,-0.34256,-6.241,1,0.31396,0,0.032999
-0.37186,7,6.9881e+05,1,6552,1.225,28.202,0.40222,0.1311,-4888,1.1793,-179.98,4.6046e+05,4.6046e+05,0,16440,-82.035,7345.3,3.3629,15.821,90.459,0.79003,-0.35168,-6.6127,6.6944,1.7894e-05,0.00031054,16472,0,0.79003,0,-0.35168,-6.6127,1,0.31334,0,0.038473
-0.37678,7,7.3939e+05,1,6552,1.225,32.576,0.40222,0.1311,-4728,1.0967,-182.36,5.2033e+05,5.2033e+05,0,15498,-79.12,6882,3.3223,15.507,95.711,0.95554,-0.3761,-7.0731,7.1749,1.7894e-05,0.00033563,15535,0,0.95554,0,-0.3761,-7.0731,1,0.31262,0,0.043936
-0.38031,7,7.7243e+05,1,6552,1.225,33.695,0.40222,0.1311,-5123.2,1.1086,-184.07,5.5185e+05,5.5185e+05,0,15899,-79.048,6990.4,3.326,15.543,95.857,1.0842,-0.39229,-7.1582,7.2806,1.7894e-05,0.00033564,15937,0,1.0842,0,-0.39229,-7.1582,1,0.3118,0,0.049385
-0.38223,7,8.0629e+05,1,6552,1.225,34.279,0.40222,0.1311,-5766.9,1.1261,-185,5.6023e+05,5.6023e+05,0,16347,-79.034,7121.8,3.3301,15.576,95.509,1.208,-0.40666,-7.1798,7.3295,1.7894e-05,0.0003333,16386,0,1.208,0,-0.40666,-7.1798,1,0.31089,0,0.054819
-0.38175,7,8.4392e+05,1,6552,1.225,34.116,0.40222,0.1311,-6319.7,1.1436,-184.77,4.5752e+05,4.5752e+05,0,16783,-79.052,7262.2,3.3313,15.574,93.56,1.3287,-0.4242,-7.1374,7.311,1.7894e-05,0.00032468,16820,0,1.3287,0,-0.4242,-7.1374,1,0.30989,0,0.060236
-0.379,7,8.808e+05,1,6552,1.225,31.842,0.40222,0.1311,-6910.7,1.1922,-183.43,1.1711e+05,1.1711e+05,0,17898,-80.512,7684.7,3.3522,15.729,88.201,1.4057,-0.43259,-6.8823,7.0763,1.7894e-05,0.00030104,17924,0,1.4057,0,-0.43259,-6.8823,1,0.30879,0,0.065636
-0.37412,7,9.3149e+05,1,6552,1.225,34.712,0.40222,0.1311,-6561.3,1.0949,-181.08,-54064,-54064,0,16129,-76.196,6881.6,3.28,15.103,91.899,1.5785,-0.473,-7.1675,7.4046,1.7894e-05,0.00031938,16150,0,1.5785,0,-0.473,-7.1675,1,0.3076,0,0.071015
-0.36901,7,9.8799e+05,1,6552,1.225,37.869,0.40222,0.1311,-6385,1.0142,-178.6,-1.6496e+05,-1.6496e+05,0,14437,-71.523,6079.2,3.2094,14.497,97.948,1.7603,-0.50454,-7.449,7.7379,1.7894e-05,0.00034758,14457,0,1.7603,0,-0.50454,-7.449,1,0.30631,0,0.076372
-0.36333,7,1.0269e+06,1,6552,1.225,34.918,0.40222,0.1311,-7191.2,1.0572,-175.85,-4.9674e+05,-4.9674e+05,0,15082,-72.791,6324.2,3.2257,14.612,94.576,1.7948,-0.52244,-7.0988,7.4278,1.7894e-05,0.00033193,15093,0,1.7948,0,-0.52244,-7.0988,1,0.30493,0,0.081707
-0.35482,7,1.0812e+06,1,6552,1.225,33.497,0.40222,0.1311,-7396.1,1.0556,-171.73,-3.6235e+05,-3.6235e+05,0,14843,-71.688,6170,3.2059,14.421,94.398,1.8747,-0.52558,-6.9216,7.2777,1.7894e-05,0.00033105,14855,0,1.8747,0,-0.52558,-6.9216,1,0.30346,0,0.087016
-0.34483,7,1.1539e+06,1,6552,1.225,34.976,0.40222,0.1311,-6686.7,0.9911,-166.9,-9.0255e+05,-9.0255e+05,0,13465,-67.249,5449.7,3.1272,13.738,98.552,2.0283,-0.55192,-7.0481,7.4391,1.7894e-05,0.00035108,13465,0,2.0283,0,-0.55192,-7.0481,1,0.3019,0,0.092299
-0.33467,7,1.2031e+06,1,6552,1.225,30.486,0.40222,0.1311,-7246,1.0389,-161.98,-2.1975e+06,-2.1975e+06,0,14621,-68.726,5781.3,3.1383,13.795,92.224,1.9871,-0.56656,-6.5257,6.932,1.7894e-05,0.00032117,14588,0,1.9871,0,-0.56656,-6.5257,1,0.30024,0,0.097554
-0.32461,7,1.2703e+06,1,6552,1.225,29.932,0.40222,0.1311,-7276.4,1.011,-157.11,-2.2381e+06,-2.2381e+06,0,14126,-66.298,5351.9,3.0778,13.266,93.845,2.0651,-0.5673,-6.4101,6.8467,1.7894e-05,0.0003277,14091,0,2.0651,0,-0.5673,-6.4101,1,0.29849,0,0.10278
-0.31379,7,1.318e+06,1,6552,1.225,26.517,0.40222,0.1311,-7779.8,1.0256,-151.88,-2.2083e+06,-2.2083e+06,0,14699,-66.507,5387.9,3.0629,13.116,90.76,2.0335,-0.55462,-5.9731,6.4247,1.7894e-05,0.00031217,14662,0,2.0335,0,-0.55462,-5.9731,1,0.29665,0,0.10797
-0.30234,7,1.3501e+06,1,6552,1.225,23.021,0.40222,0.1311,-8255.1,1.0387,-146.33,-2.9176e+06,-2.9176e+06,0,15266,-66.607,5440.6,3.0533,13.016,87.861,1.9724,-0.53252,-5.4942,5.9663,1.7894e-05,0.00029768,15209,0,1.9724,0,-0.53252,-5.4942,1,0.29472,0,0.11313
-0.29035,7,1.4022e+06,1,6552,1.225,21.013,0.40222,0.1311,-7728,1.0188,-140.53,-3.7102e+06,-3.7102e+06,0,15156,-65.062,5166.8,3.0074,12.624,88.006,1.9567,-0.51653,-5.1774,5.6609,1.7894e-05,0.00029711,15077,0,1.9567,0,-0.51653,-5.1774,1,0.2927,0,0.11826
-0.27932,7,1.4739e+06,1,6552,1.225,18.958,0.40222,0.1311,-6988,0.99421,-135.19,-4.2338e+06,-4.2338e+06,0,14814,-63.846,4869.7,2.9607,12.231,87.972,1.922,-0.496,-4.8545,5.3583,1.7894e-05,0.00029621,14721,0,1.922,0,-0.496,-4.8545,1,0.29059,0,0.12335
-0.26967,7,1.5532e+06,1,6552,1.225,16.093,0.40222,0.1311,-6489.2,0.98874,-130.52,-5.0989e+06,-5.0989e+06,0,14872,-63.85,4774,2.94,12.047,85.692,1.8086,-0.46484,-4.3914,4.9316,1.7894e-05,0.00028525,14755,0,1.8086,0,-0.46484,-4.3914,1,0.2884,0,0.1284
-0.25916,7,1.6444e+06,1,6552,1.225,14.073,0.40222,0.1311,-6169.8,0.96625,-125.44,-4.6187e+06,-4.6187e+06,0,14467,-62.756,4477.4,2.8936,11.666,86.245,1.7467,-0.44531,-4.0451,4.5819,1.7894e-05,0.00028647,14360,0,1.7467,0,-0.44531,-4.0451,1,0.28611,0,0.13342
-0.24928,7,1.7339e+06,1,6552,1.225,12.083,0.40222,0.1311,-5363.6,0.91744,-120.65,-3.2795e+06,-3.2795e+06,0,13450,-61.816,4039.9,2.8263,11.122,85.515,1.6757,-0.41502,-3.7351,4.2583,1.7894e-05,0.00028286,13368,0,1.6757,0,-0.41502,-3.7351,1,0.28374,0,0.13839
-0.24185,7,1.8405e+06,1,6552,1.225,11.836,0.40222,0.1311,-4196.7,0.83814,-117.06,-1.5613e+06,-1.5613e+06,0,11252,-59.861,3294.8,2.7244,10.336,90.196,1.7134,-0.38048,-3.6922,4.239,1.7894e-05,0.00030488,11211,0,1.7134,0,-0.38048,-3.6922,1,0.28128,0,0.14332
-0.23523,7,1.9137e+06,1,6552,1.225,9.0931,0.40222,0.1311,-3894.8,0.83653,-113.85,-1.4092e+06,-1.4092e+06,0,11386,-60.64,3250,2.7044,10.168,86.849,1.5051,-0.34426,-3.1551,3.7133,1.7894e-05,0.00028818,11344,0,1.5051,0,-0.34426,-3.1551,1,0.27874,0,0.14821
-0.22892,7,2.006e+06,1,6552,1.225,7.4871,0.40222,0.1311,-3544.5,0.82566,-110.8,-1.2406e+06,-1.2406e+06,0,11260,-60.376,3037.8,2.6597,9.8223,87.45,1.3687,-0.31307,-2.7712,3.3376,1.7894e-05,0.00028869,11224,0,1.3687,0,-0.31307,-2.7712,1,0.27611,0,0.15305
-0.22297,7,2.0774e+06,1,6552,1.225,4.9178,0.40222,0.1311,-3567.7,0.8543,-107.92,-1.478e+06,-1.478e+06,0,12491,-61.182,3167.9,2.6548,9.7609,82.547,1.0656,-0.28113,-2.1008,2.6838,1.7894e-05,0.0002629,12447,0,1.0656,0,-0.28113,-2.1008,1,0.2734,0,0.15785
-0.21836,7,2.1617e+06,1,6552,1.225,3.4639,0.40222,0.1311,-3197.4,0.84855,-105.68,-8.9949e+05,-8.9949e+05,0,12693,-61.268,3037,2.6143,9.4431,79.891,0.83375,-0.24719,-1.6223,2.2275,1.7894e-05,0.00024878,12664,0,0.83375,0,-0.24719,-1.6223,1,0.2706,0,0.16259
-0.21569,7,2.265e+06,1,6552,1.225,2.7687,0.40222,0.1311,-2544,0.82363,-104.4,-3.7535e+05,-3.7535e+05,0,11930,-61.174,2749.1,2.5618,9.0558,81.172,0.69232,-0.21146,-1.3369,1.9452,1.7894e-05,0.00025322,11916,0,0.69232,0,-0.21146,-1.3369,1,0.26772,0,0.16729
-0.21409,7,2.3538e+06,1,6552,1.225,1.8831,0.40222,0.1311,-2221.8,0.83088,-103.62,-1.6994e+05,-1.6994e+05,0,12254,-61.583,2702.8,2.5424,8.8982,78.975,0.42237,-0.18336,-0.85642,1.553,1.7894e-05,0.00024119,12245,0,0.42237,0,-0.18336,-0.85642,1,0.26476,0,0.17194
-0.21376,7,2.4405e+06,1,6552,1.225,1.3681,0.40222,0.1311,-2231.1,0.84732,-103.46,-1.973e+05,-1.973e+05,0,12904,-62.001,2707.4,2.5293,8.7811,75.914,0.11205,-0.17053,-0.34728,1.2522,1.7894e-05,0.00022513,12893,0,0.11205,0,-0.17053,-0.34728,1,0.26172,0,0.17653
-0.21539,7,2.5528e+06,1,6552,1.225,1.3355,0.40222,0.1311,-1850.3,0.82684,-104.25,-3.1751e+05,-3.1751e+05,0,12186,-62.518,2461.4,2.4799,8.4292,77.21,-0.051476,-0.14951,-0.115,1.254,1.7894e-05,0.00022991,12169,0,-0.051476,0,-0.14951,-0.115,1,0.2586,0,0.18107
-0.2179,7,2.6517e+06,1,6552,1.225,1.4445,0.40222,0.1311,-1581.9,0.83318,-105.47,-6.1011e+05,-6.1011e+05,0,12421,-63.153,2396.8,2.458,8.2591,75.477,-0.33773,-0.12631,0.28444,1.2898,1.7894e-05,0.00022021,12393,0,-0.33773,0,-0.12631,0.28444,1,0.2554,0,0.18556
-0.22134,7,2.7516e+06,1,6552,1.225,1.8513,0.40222,0.1311,-1341.7,0.84683,-107.13,-1.0728e+06,-1.0728e+06,0,12791,-63.764,2365.7,2.4448,8.1469,73.621,-0.65065,-0.10743,0.69939,1.4465,1.7894e-05,0.00020969,12748,0,-0.65065,0,-0.10743,0.69939,1,0.25212,0,0.18999
-0.2259,7,2.8691e+06,1,6552,1.225,2.3007,0.40222,0.1311,-974.69,0.84291,-109.34,-1.2291e+06,-1.2291e+06,0,12356,-64.668,2214.3,2.4132,7.9193,74.288,-0.87083,-0.08166,0.96116,1.6053,1.7894e-05,0.00021119,12307,0,-0.87083,0,-0.08166,0.96116,1,0.24877,0,0.19436
-0.23126,7,2.9813e+06,1,6552,1.225,3.0497,0.40222,0.1311,-718.48,0.85114,-111.93,-1.2673e+06,-1.2673e+06,0,12389,-65.506,2134.8,2.3924,7.7594,73.478,-1.1501,-0.0626,1.2813,1.8843,1.7894e-05,0.00020548,12337,0,-1.1501,0,-0.0626,1.2813,1,0.24534,0,0.19867
-0.23731,7,3.0917e+06,1,6552,1.225,4.1077,0.40222,0.1311,-422.7,0.86664,-114.86,-1.2398e+06,-1.2398e+06,0,12675,-66.242,2093.4,2.3788,7.6448,71.989,-1.4621,-0.040272,1.6183,2.2668,1.7894e-05,0.00019634,12623,0,-1.4621,0,-0.040272,1.6183,1,0.24183,0,0.20292
-0.24415,7,3.2082e+06,1,6552,1.225,5.1786,0.40222,0.1311,-76.68,0.87657,-118.17,-1.0713e+06,-1.0713e+06,0,12634,-67.201,2017.3,2.3613,7.5084,71.55,-1.7366,-0.016647,1.8845,2.6161,1.7894e-05,0.00019212,12587,0,-1.7366,0,-0.016647,1.8845,1,0.23825,0,0.20711
-0.25171,7,3.3238e+06,1,6552,1.225,6.1847,0.40222,0.1311,95.55,0.88117,-121.83,-8.5796e+05,-8.5796e+05,0,12321,-68.435,1915.1,2.3401,7.3525,71.998,-1.9749,-0.0054009,2.088,2.9106,1.7894e-05,0.00019206,12280,0,-1.9749,0,-0.0054009,2.088,1,0.2346,0,0.21124
-0.25974,7,3.4198e+06,1,6552,1.225,7.7386,0.40222,0.1311,327.39,0.89971,-125.72,-7.6828e+05,-7.6828e+05,0,12644,-69.263,1888.9,2.3323,7.2775,70.654,-2.2923,0.0089112,2.3647,3.3171,1.7894e-05,0.00018335,12605,0,-2.2923,0,0.0089112,2.3647,1,0.23088,0,0.2153
-0.26832,7,3.5017e+06,1,6552,1.225,9.0936,0.40222,0.1311,687.42,0.91033,-129.87,-6.5471e+05,-6.5471e+05,0,12606,-70.449,1829,2.3203,7.1821,70.547,-2.5554,0.033438,2.5623,3.6351,1.7894e-05,0.00018046,12570,0,-2.5554,0,0.033438,2.5623,1,0.22709,0,0.2193
-0.27738,7,3.5555e+06,1,6552,1.225,9.9636,0.40222,0.1311,759.29,0.90959,-134.25,-5.3219e+05,-5.3219e+05,0,12023,-72.266,1725.4,2.3028,7.06,72.215,-2.7354,0.040829,2.6585,3.826,1.7894e-05,0.0001859,11992,0,-2.7354,0,0.040829,2.6585,1,0.22323,0,0.22323
-0.2867,7,3.5729e+06,1,6552,1.225,11.856,0.40222,0.1311,853.63,0.93091,-138.76,-5.0786e+05,-5.0786e+05,0,12506,-73.136,1730.6,2.3048,7.0507,70.796,-3.0538,0.044873,2.8843,4.2079,1.7894e-05,0.0001767,12475,0,-3.0538,0,0.044873,2.8843,1,0.2193,0,0.22709
-0.29625,7,3.4924e+06,1,6552,1.225,13.255,0.40222,0.1311,1051.3,0.94037,-143.39,-4.7625e+05,-4.7625e+05,0,12512,-74.569,1694.7,2.3008,7.0128,70.877,-3.2941,0.058944,3.0149,4.4706,1.7894e-05,0.00017457,12482,0,-3.2941,0,0.058944,3.0149,1,0.2153,0,0.23088
-0.30615,7,3.4214e+06,1,6552,1.225,13.95,0.40222,0.1311,1089,0.9361,-148.18,-4.4238e+05,-4.4238e+05,0,11939,-76.808,1615,2.2906,6.9456,72.756,-3.4402,0.064918,3.0451,4.5981,1.7894e-05,0.00018085,11909,0,-3.4402,0,0.064918,3.0451,1,0.21124,0,0.2346
-0.31637,7,3.4073e+06,1,6552,1.225,15.489,0.40222,0.1311,1154.8,0.9481,-153.12,-4.5209e+05,-4.5209e+05,0,12137,-78.299,1606.6,2.2935,6.9527,72.435,-3.6887,0.067817,3.1616,4.8608,1.7894e-05,0.00017686,12106,0,-3.6887,0,0.067817,3.1616,1,0.20711,0,0.23825
-0.32687,7,3.4103e+06,1,6552,1.225,17.105,0.40222,0.1311,1259.8,0.96168,-158.2,-4.7096e+05,-4.7096e+05,0,12415,-79.795,1609,2.2996,6.9802,71.981,-3.9407,0.073308,3.2688,5.1217,1.7894e-05,0.00017225,12383,0,-3.9407,0,0.073308,3.2688,1,0.20292,0,0.24183
-0.33775,7,3.3985e+06,1,6552,1.225,17.666,0.40222,0.1311,1242.8,0.95774,-163.47,-4.5616e+05,-4.5616e+05,0,11942,-82.46,1558.5,2.2988,6.9775,73.843,-4.0666,0.075859,3.2597,5.2133,1.7894e-05,0.00017819,11910,0,-4.0666,0,0.075859,3.2597,1,0.19867,0,0.24534
-0.34898,7,3.3938e+06,1,6552,1.225,18.631,0.40222,0.1311,1251.3,0.96361,-168.9,-4.6344e+05,-4.6344e+05,0,11843,-84.823,1544.2,2.306,7.0204,74.743,-4.2378,0.076806,3.2833,5.3621,1.7894e-05,0.00017958,11810,0,-4.2378,0,0.076806,3.2833,1,0.19436,0,0.24877
-0.36045,7,3.4035e+06,1,6552,1.225,20.612,0.40222,0.1311,1356.8,0.98984,-174.46,-5.1454e+05,-5.1454e+05,0,12528,-86.244,1591.3,2.3239,7.1181,73.381,-4.5198,0.07814,3.3848,5.6477,1.7894e-05,0.00017073,12493,0,-4.5198,0,0.07814,3.3848,1,0.18999,0,0.25212
-0.37243,7,3.3915e+06,1,6552,1.225,20.788,0.40222,0.1311,1326.6,0.98787,-180.25,-5.1284e+05,-5.1284e+05,0,12104,-89.618,1558.2,2.329,7.1545,75.196,-4.6003,0.080118,3.3246,5.677,1.7894e-05,0.00017636,12069,0,-4.6003,0,0.080118,3.3246,1,0.18556,0,0.2554
-0.38443,7,3.3821e+06,1,6552,1.225,20.925,0.40222,0.1311,1250.7,0.99366,-186.06,-5.1475e+05,-5.1475e+05,0,11811,-93.039,1548.2,2.3424,7.2424,77.132,-4.6715,0.078359,3.26,5.6978,1.7894e-05,0.00018219,11775,0,-4.6715,0,0.078359,3.26,1,0.18107,0,0.2586
-0.3963,7,3.3863e+06,1,6552,1.225,21.962,0.40222,0.1311,1266.2,1.0254,-191.81,-5.7527e+05,-5.7527e+05,0,12324,-95.522,1605.2,2.3696,7.403,76.983,-4.8375,0.076463,3.2591,5.8342,1.7894e-05,0.00017844,12286,0,-4.8375,0,0.076463,3.2591,1,0.17653,0,0.26172
-0.40806,7,3.3897e+06,1,6552,1.225,22.554,0.40222,0.1311,1253.6,1.0631,-197.5,-6.5956e+05,-6.5956e+05,0,12842,-98.416,1672.4,2.4015,7.5927,76.922,-4.9545,0.073891,3.2155,5.9076,1.7894e-05,0.00017482,12801,0,-4.9545,0,0.073891,3.2155,1,0.17194,0,0.26476
-0.41922,7,3.368e+06,1,6552,1.225,20.636,0.40222,0.1311,1140.8,1.0742,-202.9,-5.5617e+05,-5.5617e+05,0,11885,-103.64,1661.7,2.4277,7.772,81.383,-4.7918,0.072095,3,5.6548,1.7894e-05,0.00019084,11847,0,-4.7918,0,0.072095,3,1,0.16729,0,0.26772
-0.43025,7,3.3512e+06,1,6552,1.225,18.751,0.40222,0.1311,1150.7,1.1005,-208.24,-4.8572e+05,-4.8572e+05,0,11346,-108.8,1691.2,2.4637,8.0106,85.145,-4.6091,0.076788,2.7836,5.3861,1.7894e-05,0.00020383,11310,0,-4.6091,0,0.076788,2.7836,1,0.16259,0,0.2706
-0.44124,7,3.3547e+06,1,6552,1.225,18.143,0.40222,0.1311,1360.2,1.164,-213.56,-5.0659e+05,-5.0659e+05,0,12028,-112.66,1817.8,2.5147,8.3283,85.481,-4.5583,0.087009,2.6496,5.274,1.7894e-05,0.00020196,11994,0,-4.5583,0,0.087009,2.6496,1,0.15785,0,0.2734
-0.45148,7,3.3947e+06,1,6552,1.225,16.744,0.40222,0.1311,1299.7,1.2383,-218.52,-5.32e+05,-5.32e+05,0,12395,-117.1,1950.6,2.5698,8.6741,86.978,-4.3948,0.085771,2.4625,5.0393,1.7894e-05,0.00020596,12361,0,-4.3948,0,0.085771,2.4625,1,0.15305,0,0.27611
-0.46109,7,3.3867e+06,1,6552,1.225,14.088,0.40222,0.1311,941.16,1.3064,-223.17,-4.7186e+05,-4.7186e+05,0,12094,-122.6,2057,2.6227,9.0187,90.198,-4.0435,0.068727,2.1835,4.597,1.7894e-05,0.00021828,12062,0,-4.0435,0,0.068727,2.1835,1,0.14821,0,0.27874
-0.47062,7,3.3354e+06,1,6552,1.225,10.943,0.40222,0.1311,701.16,1.3743,-227.78,-3.7777e+05,-3.7777e+05,0,11556,-128.57,2165.6,2.6788,9.3993,94.603,-3.5572,0.055282,1.8549,4.0132,1.7894e-05,0.00023668,11529,0,-3.5572,0,0.055282,1.8549,1,0.14332,0,0.28128
-0.48026,7,3.3102e+06,1,6552,1.225,10.299,0.40222,0.1311,748.76,1.5201,-232.44,-4.0573e+05,-4.0573e+05,0,13247,-132.07,2499.4,2.7606,9.9202,91.638,-3.4378,0.047815,1.7173,3.8439,1.7894e-05,0.00022225,13221,0,-3.4378,0,0.047815,1.7173,1,0.13839,0,0.28374
-0.49046,7,3.2933e+06,1,6552,1.225,7.5312,0.40222,0.1311,856.04,1.6094,-237.38,-3.546e+05,-3.546e+05,0,13096,-137.87,2699.1,2.827,10.389,95.496,-2.8539,0.055159,1.3807,3.172,1.7894e-05,0.00024131,13074,0,-2.8539,0,0.055159,1.3807,1,0.13342,0,0.28611
-0.50091,7,3.3007e+06,1,6552,1.225,5.1327,0.40222,0.1311,778.86,1.6955,-242.44,-3.0518e+05,-3.0518e+05,0,12927,-143.36,2920.1,2.8902,10.848,98.829,-2.2283,0.052576,1.0493,2.4658,1.7894e-05,0.00026014,12909,0,-2.2283,0,0.052576,1.0493,1,0.1284,0,0.2884
-0.51208,7,3.3369e+06,1,6552,1.225,3.1879,0.40222,0.1311,810.32,1.7387,-247.85,-2.5804e+05,-2.5804e+05,0,12485,-148.62,3097.8,2.9385,11.227,102.26,-1.5416,0.059409,0.71848,1.7401,1.7894e-05,0.00028186,12471,0,-1.5416,0,0.059409,0.71848,1,0.12335,0,0.29059
-0.52419,7,3.3756e+06,1,6552,1.225,2.2772,0.40222,0.1311,1006.2,1.7955,-253.71,-2.4964e+05,-2.4964e+05,0,13054,-153.12,3411,2.9931,11.658,101.81,-1.0366,0.072709,0.48058,1.355,1.7894e-05,0.00028613,13042,0,-1.0366,0,0.072709,0.48058,1,0.11826,0,0.2927
-0.53787,7,3.3283e+06,1,6552,1.225,1.2972,0.40222,0.1311,1085.6,1.7294,-260.33,-1.2574e+05,-1.2574e+05,0,11689,-158.15,3438.8,3.0132,11.906,107.45,-0.14115,0.091365,0.12559,1.052,1.7894e-05,0.00032256,11683,0,-0.14115,0,0.091365,0.12559,1,0.11313,0,0.29472
-0.55234,7,3.278e+06,1,6552,1.225,1.4414,0.40222,0.1311,1152,1.6866,-267.33,-49290,-49290,0,11362,-162.3,3610.4,3.0455,12.244,109.79,0.57856,0.10332,-0.13497,1.256,1.7894e-05,0.00034383,11362,0,0.57856,0,0.10332,-0.13497,1,0.10797,0,0.29665
-0.56704,7,3.2262e+06,1,6552,1.225,2.2103,0.40222,0.1311,1170.5,1.6319,-274.45,2059,2059,0,11265,-165.89,3801.9,3.0751,12.572,111.23,1.246,0.10795,-0.35185,1.6341,1.7894e-05,0.00036028,11270,0,1.246,0,0.10795,-0.35185,1,0.10278,0,0.29849
-0.58209,7,3.2009e+06,1,6552,1.225,3.1551,0.40222,0.1311,1265.9,1.6401,-281.73,12433,12433,0,12504,-169.41,4265.2,3.1259,13.042,107.91,1.643,0.10602,-0.46395,1.9769,1.7894e-05,0.00035094,12510,0,1.643,0,0.10602,-0.46395,1,0.097554,0,0.30024
-0.59842,7,3.1902e+06,1,6552,1.225,5.2559,0.40222,0.1311,1011.5,1.507,-289.64,82674,82674,0,11463,-172.15,4225.4,3.1288,13.199,112.04,2.4827,0.096745,-0.68513,2.7099,1.7894e-05,0.00038112,11474,0,2.4827,0,0.096745,-0.68513,1,0.092299,0,0.3019
-0.61495,7,3.1842e+06,1,6552,1.225,7.9912,0.40222,0.1311,922.07,1.393,-297.64,1.3785e+05,1.3785e+05,0,10715,-174.31,4222.6,3.1379,13.395,115.74,3.2644,0.097402,-0.86159,3.4394,1.7894e-05,0.00040848,10731,0,3.2644,0,0.097402,-0.86159,1,0.087016,0,0.30346
-0.63155,7,3.1957e+06,1,6552,1.225,9.9949,0.40222,0.1311,1028.2,1.3861,-305.67,1.6641e+05,1.6641e+05,0,11422,-177.23,4615.3,3.1812,13.818,113.72,3.7095,0.10185,-0.92926,3.8851,1.7894e-05,0.00040374,11441,0,3.7095,0,0.10185,-0.92926,1,0.081707,0,0.30493
-0.64778,7,3.1406e+06,1,6552,1.225,13.103,0.40222,0.1311,1085.3,1.3144,-313.52,2.2258e+05,2.2258e+05,0,11358,-178.93,4753.7,3.2018,14.088,115.34,4.3161,0.10645,-1.0103,4.4709,1.7894e-05,0.00041773,11382,0,4.3161,0,0.10645,-1.0103,1,0.076372,0,0.30631
-0.66378,7,3.115e+06,1,6552,1.225,16.703,0.40222,0.1311,1062,1.2275,-321.27,2.6801e+05,2.6801e+05,0,11131,-180.08,4823.4,3.2151,14.302,117.33,4.943,0.10641,-1.0757,5.077,1.7894e-05,0.00043342,11159,0,4.943,0,0.10641,-1.0757,1,0.071015,0,0.3076
-0.67955,7,3.1254e+06,1,6552,1.225,19.037,0.40222,0.1311,1112.4,1.2301,-328.9,2.9816e+05,2.9816e+05,0,12031,-182.42,5263.6,3.2564,14.707,114.69,5.2929,0.10351,-1.0676,5.4084,1.7894e-05,0.00042315,12061,0,5.2929,0,0.10351,-1.0676,1,0.065636,0,0.30879
-0.69467,7,3.1212e+06,1,6552,1.225,22.54,0.40222,0.1311,1083.3,1.1739,-336.22,3.3353e+05,3.3353e+05,0,12038,-183.39,5427.1,3.2793,14.991,115.91,5.8071,0.10175,-1.0744,5.9105,1.7894e-05,0.00043341,12071,0,5.8071,0,0.10175,-1.0744,1,0.060236,0,0.30989
-0.70892,7,3.0963e+06,1,6552,1.225,26.951,0.40222,0.1311,983.48,1.0818,-343.12,3.7836e+05,3.7836e+05,0,11558,-183.21,5397.5,3.2878,15.163,118.93,6.4106,0.098033,-1.0763,6.5039,1.7894e-05,0.0004524,11595,0,6.4106,0,0.098033,-1.0763,1,0.054819,0,0.31089
-0.72257,7,3.0931e+06,1,6552,1.225,29.627,0.40222,0.1311,984.1,1.0915,-349.72,4.1128e+05,4.1128e+05,0,12217,-184.58,5782,3.3256,15.535,117.46,6.7359,0.094084,-1.0183,6.8156,1.7894e-05,0.00044528,12257,0,6.7359,0,0.094084,-1.0183,1,0.049385,0,0.3118
-0.73542,7,3.1046e+06,1,6552,1.225,32.01,0.40222,0.1311,1031.2,1.1233,-355.94,4.3162e+05,4.3162e+05,0,12995,-186,6224.6,3.367,15.926,115.62,7.0125,0.092562,-0.94236,7.0782,1.7894e-05,0.00043446,13036,0,7.0125,0,0.092562,-0.94236,1,0.043936,0,0.31262
-0.74666,7,3.0556e+06,1,6552,1.225,37.254,0.40222,0.1311,959.73,1.0227,-361.38,4.8094e+05,4.8094e+05,0,12206,-184.09,6028.2,3.3642,15.992,119.92,7.6233,0.091012,-0.89081,7.6779,1.7894e-05,0.00045559,12252,0,7.6233,0,0.091012,-0.89081,1,0.038473,0,0.31334
-0.75702,7,3.0098e+06,1,6552,1.225,40.645,0.40222,0.1311,948.7,1.0075,-366.4,5.1584e+05,5.1584e+05,0,12377,-183.77,6212,3.3864,16.233,120.32,7.9864,0.087908,-0.79658,8.0284,1.7894e-05,0.0004561,12425,0,7.9864,0,0.087908,-0.79658,1,0.032999,0,0.31396
-0.76658,7,2.9721e+06,1,6552,1.225,41.523,0.40222,0.1311,995.91,1.0916,-371.02,5.4082e+05,5.4082e+05,0,13609,-185.73,6872.6,3.4384,16.693,116.18,8.0632,0.083266,-0.66912,8.0927,1.7894e-05,0.00043437,13657,0,8.0632,0,0.083266,-0.66912,1,0.027514,0,0.31449
-0.7746,7,2.9542e+06,1,6552,1.225,47.774,0.40222,0.1311,871.15,0.95806,-374.91,5.7294e+05,5.7294e+05,0,12451,-181.86,6443.2,3.4197,16.623,122.03,8.7039,0.078655,-0.57203,8.7248,1.7894e-05,0.00046206,12504,0,8.7039,0,0.078655,-0.57203,1,0.022021,0,0.31492
-0.78174,7,2.9649e+06,1,6552,1.225,51.343,0.40222,0.1311,794.97,0.93255,-378.36,5.9271e+05,5.9271e+05,0,12452,-180.4,6539,3.4347,16.803,123.03,9.0416,0.072539,-0.43971,9.0543,1.7894e-05,0.00046561,12507,0,9.0416,0,0.072539,-0.43971,1,0.016522,0,0.31526
-0.78794,7,2.9985e+06,1,6552,1.225,52.02,0.40222,0.1311,753.04,1.0104,-381.36,5.7924e+05,5.7924e+05,0,13508,-181.56,7163.9,3.4822,17.23,119.37,9.0876,0.065511,-0.28688,9.0935,1.7894e-05,0.00044746,13562,0,9.0876,0,0.065511,-0.28688,1,0.011017,0,0.3155
-0.79208,7,2.9772e+06,1,6552,1.225,56.792,0.40222,0.1311,650.4,0.93094,-383.37,6.2056e+05,6.2056e+05,0,12978,-178.02,6968,3.4753,17.231,122.19,9.5211,0.061569,-0.13367,9.5236,1.7894e-05,0.00046011,13034,0,9.5211,0,0.061569,-0.13367,1,0.0055096,0,0.31564
-0.7953,7,5.9199e+06,1,6552,1.225,60.97,0.40222,0.1311,624.29,0.87323,-384.92,6.5643e+05,6.5643e+05,0,12663,-174.8,6859.8,3.4742,17.274,124.37,9.8821,0.060774,0.029843,9.8838,1.7894e-05,0.00046942,12722,0,9.8821,0,0.060774,0.029843,1,1.933e-17,0,0.31569
-0.79769,7,9.7755e+06,1,6552,1.225,62.075,0.40222,0.1311,665.79,0.91602,-386.08,6.9292e+05,6.9292e+05,0,13327,-174.4,7274.8,3.5054,17.566,122.21,9.957,0.060491,0.1989,9.9603,1.7894e-05,0.00045908,13386,0,9.957,0,0.060491,0.1989,1,-0.0055096,0,0.31564
-0.79874,7,1.1968e+07,1,6552,1.225,63.981,0.40222,0.1311,669.77,0.9271,-386.59,7.7282e+05,7.7282e+05,0,13617,-172.81,7506.3,3.5256,17.772,121.67,10.102,0.058356,0.37374,10.11,1.7894e-05,0.00045598,13679,0,10.102,0,0.058356,0.37374,1,-0.011017,0,0.3155
-0.79827,7,1.2375e+07,1,6552,1.225,68.247,0.40222,0.1311,624.47,0.85961,-386.36,7.9835e+05,7.9835e+05,0,13146,-168.4,7296.1,3.5174,17.747,124.42,10.442,0.055591,0.56675,10.459,1.7894e-05,0.00046732,13210,0,10.442,0,0.055591,0.56675,1,-0.016522,0,0.31526
-0.79689,7,1.2371e+07,1,6552,1.225,69.2,0.40222,0.1311,621.38,0.89347,-385.69,8.2788e+05,8.2788e+05,0,13690,-167.04,7648.9,3.5421,17.983,122.58,10.494,0.0521,0.75013,10.522,1.7894e-05,0.00045895,13755,0,10.494,0,0.0521,0.75013,1,-0.022021,0,0.31492
-0.79458,7,1.2367e+07,1,6552,1.225,68.548,0.40222,0.1311,641.92,0.97188,-384.58,8.5486e+05,8.5486e+05,0,14693,-167.01,8261.2,3.5813,18.335,118.83,10.411,0.048585,0.92363,10.453,1.7894e-05,0.00044258,14757,0,10.411,0,0.048585,0.92363,1,-0.027514,0,0.31449
-0.79144,7,1.2366e+07,1,6552,1.225,71.714,0.40222,0.1311,594.66,0.93656,-383.05,8.547e+05,8.547e+05,0,14586,-162.91,8225.4,3.5813,18.372,120.32,10.635,0.044433,1.1299,10.696,1.7894e-05,0.00044815,14653,0,10.635,0,0.044433,1.1299,1,-0.032999,0,0.31396
-0.78611,7,1.2365e+07,1,6552,1.225,73.869,0.40222,0.1311,527.67,0.92438,-380.48,8.8015e+05,8.8015e+05,0,14720,-159.17,8316.2,3.5868,18.448,120.44,10.771,0.038941,1.3357,10.854,1.7894e-05,0.00044829,14788,0,10.771,0,0.038941,1.3357,1,-0.038473,0,0.31334
-0.77953,7,1.2363e+07,1,6552,1.225,75.802,0.40222,0.1311,420.73,0.90886,-377.29,8.9262e+05,8.9262e+05,0,14716,-155.29,8345.2,3.5901,18.499,120.67,10.889,0.031786,1.5426,10.999,1.7894e-05,0.0004492,14783,0,10.889,0,0.031786,1.5426,1,-0.043936,0,0.31262
-0.77274,7,1.2357e+07,1,6552,1.225,77.947,0.40222,0.1311,304.45,0.87795,-374,8.6185e+05,8.6185e+05,0,14327,-151.13,8220.7,3.5903,18.526,122.15,11.029,0.025875,1.7518,11.168,1.7894e-05,0.0004554,14395,0,11.029,0,0.025875,1.7518,1,-0.049385,0,0.3118
-0.76434,7,1.2358e+07,1,6552,1.225,79.979,0.40222,0.1311,222.32,0.85468,-369.94,8.5487e+05,8.5487e+05,0,14077,-146.61,8202.9,3.5963,18.608,123.41,11.149,0.023101,1.9739,11.324,1.7894e-05,0.00045966,14146,0,11.149,0,0.023101,1.9739,1,-0.054819,0,0.31089
-0.75397,7,1.2362e+07,1,6552,1.225,79.897,0.40222,0.1311,205.34,0.89395,-364.92,8.0422e+05,8.0422e+05,0,14820,-143.62,8636.9,3.6153,18.789,120.48,11.092,0.022964,2.166,11.303,1.7894e-05,0.00044775,14887,0,11.092,0,0.022964,2.166,1,-0.060236,0,0.30989
-0.74318,7,1.2363e+07,1,6552,1.225,82.008,0.40222,0.1311,310.24,0.8605,-359.7,7.4561e+05,7.4561e+05,0,14771,-138.31,8553,3.6044,18.703,120.35,11.201,0.026842,2.3853,11.454,1.7894e-05,0.00044748,14837,0,11.201,0,0.026842,2.3853,1,-0.065636,0,0.30879
-0.73211,7,1.2365e+07,1,6552,1.225,83.364,0.40222,0.1311,392.42,0.84186,-354.34,7.3436e+05,7.3436e+05,0,14669,-133.67,8511.7,3.6019,18.691,120.31,11.258,0.028316,2.5972,11.555,1.7894e-05,0.00044758,14736,0,11.258,0,0.028316,2.5972,1,-0.071015,0,0.3076
-0.72002,7,1.2368e+07,1,6552,1.225,83.209,0.40222,0.1311,294.67,0.86746,-348.49,8.3995e+05,8.3995e+05,0,14858,-130.24,8754.3,3.6223,18.889,119.71,11.2,0.02164,2.7941,11.545,1.7894e-05,0.00044474,14928,0,11.2,0,0.02164,2.7941,1,-0.076372,0,0.30631
-0.70468,7,1.2367e+07,1,6552,1.225,87.02,0.40222,0.1311,225.09,0.77967,-341.07,9.3436e+05,9.3436e+05,0,14197,-121.88,8300,3.5894,18.611,122.06,11.416,0.01968,3.0625,11.821,1.7894e-05,0.00045367,14270,0,11.416,0,0.01968,3.0625,1,-0.081707,0,0.30493
-0.68891,7,1.2366e+07,1,6552,1.225,88.508,0.40222,0.1311,255.11,0.74769,-333.43,9.6699e+05,9.6699e+05,0,14078,-115.72,8179.3,3.5767,18.505,122.22,11.462,0.020834,3.2867,11.926,1.7894e-05,0.00045423,14152,0,11.462,0,0.020834,3.2867,1,-0.087016,0,0.30346
-0.67297,7,1.2366e+07,1,6552,1.225,85.682,0.40222,0.1311,369.76,0.82251,-325.72,9.796e+05,9.796e+05,0,15019,-113.82,8741.2,3.6064,18.765,118.31,11.202,0.023598,3.4215,11.714,1.7894e-05,0.00043906,15091,0,11.202,0,0.023598,3.4215,1,-0.092299,0,0.3019
-0.65531,7,1.2373e+07,1,6552,1.225,85.84,0.40222,0.1311,441.8,0.82528,-317.17,9.7837e+05,9.7837e+05,0,15303,-108.43,8861.7,3.6085,18.794,117.93,11.143,0.021967,3.6166,11.717,1.7894e-05,0.00043646,15375,0,11.143,0,0.021967,3.6166,1,-0.097554,0,0.30024
-0.6367,7,1.2372e+07,1,6552,1.225,86.863,0.40222,0.1311,324.4,0.78958,-308.16,9.7745e+05,9.7745e+05,0,14999,-101.89,8644.2,3.5923,18.649,118.56,11.152,0.0133,3.832,11.793,1.7894e-05,0.00043888,15071,0,11.152,0,0.0133,3.832,1,-0.10278,0,0.29849
-0.618,7,1.2367e+07,1,6552,1.225,89.819,0.40222,0.1311,72.984,0.71451,-299.11,9.7436e+05,9.7436e+05,0,14327,-93.386,8154.9,3.5608,18.378,121.93,11.284,0.0026404,4.0906,12.005,1.7894e-05,0.0004502,14400,0,11.284,0,0.0026404,4.0906,1,-0.10797,0,0.29665
-0.59909,7,1.2361e+07,1,6552,1.225,90.501,0.40222,0.1311,68.846,0.69596,-289.96,9.4505e+05,9.4505e+05,0,14209,-87.099,8061.4,3.553,18.313,122.61,11.257,0.0029504,4.3018,12.053,1.7894e-05,0.0004519,14284,0,11.257,0,0.0029504,4.3018,1,-0.11313,0,0.29472
-0.5794,7,1.2357e+07,1,6552,1.225,85.455,0.40222,0.1311,249.64,0.8237,-280.43,8.113e+05,8.113e+05,0,15726,-86.308,8989,3.6035,18.753,116.72,10.833,0.008061,4.3629,11.68,1.7894e-05,0.00042933,15796,0,10.833,0,0.008061,4.3629,1,-0.11826,0,0.2927
-0.5568,7,1.2354e+07,1,6552,1.225,90.822,0.40222,0.1311,244.81,0.66193,-269.49,8.5731e+05,8.5731e+05,0,13969,-74.24,7885,3.5354,18.155,122.59,11.124,0.0056188,4.709,12.082,1.7894e-05,0.00045193,14042,0,11.124,0,0.0056188,4.709,1,-0.12335,0,0.29059
-0.53371,7,1.2353e+07,1,6552,1.225,89.242,0.40222,0.1311,180.05,0.67142,-258.32,8.9585e+05,8.9585e+05,0,14073,-68.978,7955.8,3.5374,18.167,121.5,10.943,0.00099428,4.8567,11.974,1.7894e-05,0.00044785,14144,0,10.943,0,0.00099428,4.8567,1,-0.1284,0,0.2884
-0.51012,7,1.2354e+07,1,6552,1.225,86.91,0.40222,0.1311,148.88,0.69854,-246.9,9.5816e+05,9.5816e+05,0,14393,-64.315,8162,3.5458,18.233,119.45,10.71,-0.00090083,4.9741,11.811,1.7894e-05,0.00044001,14464,0,10.71,0,-0.00090083,4.9741,1,-0.13342,0,0.28611
-0.48677,7,1.2353e+07,1,6552,1.225,87.752,0.40222,0.1311,125.91,0.65631,-235.6,9.5789e+05,9.5789e+05,0,14107,-56.551,7906,3.5207,18.006,120.12,10.681,-0.0049454,5.1806,11.873,1.7894e-05,0.00044159,14179,0,10.681,0,-0.0049454,5.1806,1,-0.13839,0,0.28374
-0.46258,7,1.2353e+07,1,6552,1.225,86.51,0.40222,0.1311,52.227,0.66582,-223.89,9.7472e+05,9.7472e+05,0,14366,-50.623,8000.2,3.5174,17.967,118.61,10.509,-0.010966,5.3215,11.782,1.7894e-05,0.00043541,14438,0,10.509,0,-0.010966,5.3215,1,-0.14332,0,0.28128
-0.43762,7,1.2354e+07,1,6552,1.225,81.158,0.40222,0.1311,-27.848,0.77069,-211.81,1.0276e+06,1.0276e+06,0,15621,-48.575,8737.4,3.5538,18.264,112.48,10.068,-0.016387,5.3205,11.389,1.7894e-05,0.00041348,15692,0,10.068,0,-0.016387,5.3205,1,-0.14821,0,0.27874
-0.41213,7,1.2353e+07,1,6552,1.225,83.472,0.40222,0.1311,-134.6,0.68924,-199.47,9.7517e+05,9.7517e+05,0,14797,-38.702,8149.7,3.511,17.884,115.62,10.125,-0.023533,5.5766,11.562,1.7894e-05,0.00042393,14870,0,10.125,0,-0.023533,5.5766,1,-0.15305,0,0.27611
-0.38579,7,1.2353e+07,1,6552,1.225,82.518,0.40222,0.1311,-280.97,0.68179,-186.72,9.4986e+05,9.4986e+05,0,14794,-31.848,8093.3,3.5004,17.781,115.21,9.9671,-0.030351,5.7194,11.495,1.7894e-05,0.0004218,14865,0,9.9671,0,-0.030351,5.7194,1,-0.15785,0,0.2734
-0.35863,7,1.2354e+07,1,6552,1.225,78.032,0.40222,0.1311,-439.17,0.75631,-173.57,9.4777e+05,9.4777e+05,0,15737,-28.283,8615.7,3.525,17.978,110.8,9.5776,-0.035037,5.7247,11.161,1.7894e-05,0.00040565,15806,0,9.5776,0,-0.035037,5.7247,1,-0.16259,0,0.2706
-0.33024,7,1.2354e+07,1,6552,1.225,75.613,0.40222,0.1311,-407.39,0.78882,-159.84,1.0122e+06,1.0122e+06,0,16452,-22.288,8826.5,3.5225,17.933,108.25,9.3113,-0.031079,5.7891,10.967,1.7894e-05,0.00039455,16520,0,9.3113,0,-0.031079,5.7891,1,-0.16729,0,0.26772
-0.30241,7,1.235e+07,1,6552,1.225,75.808,0.40222,0.1311,-275.51,0.74507,-146.36,9.3399e+05,9.3399e+05,0,15961,-13.84,8452.6,3.4928,17.661,109.74,9.2244,-0.027676,5.9575,10.985,1.7894e-05,0.00039927,16028,0,9.2244,0,-0.027676,5.9575,1,-0.17194,0,0.26476
-0.27334,7,1.2349e+07,1,6552,1.225,75.163,0.40222,0.1311,-299.94,0.71354,-132.3,8.8877e+05,8.8877e+05,0,15582,-5.8691,8188.1,3.4708,17.458,110.68,9.0833,-0.031404,6.0963,10.943,1.7894e-05,0.00040205,15648,0,9.0833,0,-0.031404,6.0963,1,-0.17653,0,0.26172
-0.24348,7,1.2352e+07,1,6552,1.225,75.159,0.40222,0.1311,-339.03,0.66025,-117.84,8.888e+05,8.888e+05,0,14966,2.9792,7761.8,3.4334,17.113,111.61,8.9862,-0.034628,6.2579,10.955,1.7894e-05,0.00040535,15032,0,8.9862,0,-0.034628,6.2579,1,-0.18107,0,0.2586
-0.214,7,1.2353e+07,1,6552,1.225,76.141,0.40222,0.1311,-315.66,0.58593,-103.58,8.7057e+05,8.7057e+05,0,14082,12.7,7181.8,3.3859,16.687,113.96,8.9503,-0.037456,6.4608,11.043,1.7894e-05,0.00041339,14149,0,8.9503,0,-0.037456,6.4608,1,-0.18556,0,0.2554
-0.18448,7,1.2353e+07,1,6552,1.225,72.713,0.40222,0.1311,-341.91,0.61885,-89.289,8.5291e+05,8.5291e+05,0,14414,18.023,7345.8,3.3901,16.7,111.52,8.6302,-0.039262,6.4591,10.784,1.7894e-05,0.00040467,14480,0,8.6302,0,-0.039262,6.4591,1,-0.18999,0,0.25212
-0.15336,7,1.2351e+07,1,6552,1.225,72.348,0.40222,0.1311,-364.27,0.58653,-74.225,7.7634e+05,7.7634e+05,0,14220,26.885,7085.4,3.3594,16.426,112.59,8.4911,-0.041347,6.5899,10.754,1.7894e-05,0.00040641,14284,0,8.4911,0,-0.041347,6.5899,1,-0.19436,0,0.24877
-0.12239,7,1.2349e+07,1,6552,1.225,72.122,0.40222,0.1311,-332.92,0.53927,-59.238,7.6194e+05,7.6194e+05,0,13695,35.838,6683.1,3.3187,16.058,113.62,8.3709,-0.041964,6.7288,10.747,1.7894e-05,0.0004094,13758,0,8.3709,0,-0.041964,6.7288,1,-0.19867,0,0.24534
-0.091527,7,1.2349e+07,1,6552,1.225,69.265,0.40222,0.1311,-314.8,0.55123,-44.299,7.7368e+05,7.7368e+05,0,13797,42.132,6670.9,3.307,15.928,111.58,8.0875,-0.042913,6.7278,10.527,1.7894e-05,0.00040225,13859,0,8.0875,0,-0.042913,6.7278,1,-0.20292,0,0.24183
-0.060718,7,1.2348e+07,1,6552,1.225,67.522,0.40222,0.1311,-355.34,0.53789,-29.387,7.9781e+05,7.9781e+05,0,13605,49.522,6514.3,3.2876,15.747,111.58,7.8717,-0.049307,6.7788,10.396,1.7894e-05,0.00040131,13668,0,7.8717,0,-0.049307,6.7788,1,-0.20711,0,0.23825
-0.029301,7,1.2347e+07,1,6552,1.225,66.356,0.40222,0.1311,-480.83,0.51329,-14.182,7.7662e+05,7.7662e+05,0,13427,57.67,6287.5,3.2558,15.459,111.45,7.6871,-0.055774,6.8516,10.305,1.7894e-05,0.00039977,13489,0,7.6871,0,-0.055774,6.8516,1,-0.21124,0,0.2346
0.0021752,7,1.2347e+07,1,6552,1.225,61.555,0.40222,0.1311,-612.09,0.57588,1.0528,7.7036e+05,7.7036e+05,0,14262,62.2,6636.8,3.2683,15.531,106.88,7.2726,-0.059674,6.7112,9.9031,1.7894e-05,0.00038326,14321,0,7.2726,0,-0.059674,6.7112,1,-0.2153,0,0.23088
0.033366,7,1.2347e+07,1,6552,1.225,57.331,0.40222,0.1311,-592.02,0.62061,16.149,7.8596e+05,7.8596e+05,0,14760,67.223,6846.4,3.2767,15.571,103.75,6.8973,-0.059137,6.5891,9.5462,1.7894e-05,0.00037194,14818,0,6.8973,0,-0.059137,6.5891,1,-0.2193,0,0.22709
0.064875,7,1.235e+07,1,6552,1.225,56.824,0.40222,0.1311,-554.68,0.57306,31.399,7.3625e+05,7.3625e+05,0,14249,76.056,6455.8,3.2337,15.196,104.97,6.7562,-0.05942,6.6777,9.5069,1.7894e-05,0.00037503,14306,0,6.7562,0,-0.05942,6.6777,1,-0.22323,0,0.22323
0.09621,7,1.2354e+07,1,6552,1.225,53.159,0.40222,0.1311,-569.95,0.60608,46.566,7.1849e+05,7.1849e+05,0,14707,81.68,6589.7,3.2321,15.151,102.03,6.4138,-0.060319,6.5614,9.1829,1.7894e-05,0.00036393,14762,0,6.4138,0,-0.060319,6.5614,1,-0.22709,0,0.2193
0.12734,7,1.2356e+07,1,6552,1.225,48.712,0.40222,0.1311,-630.33,0.66183,61.631,7.3541e+05,7.3541e+05,0,15446,86.461,6862.5,3.2428,15.203,98.001,6.0199,-0.063286,6.3766,8.7769,1.7894e-05,0.00034903,15499,0,6.0199,0,-0.063286,6.3766,1,-0.23088,0,0.2153
0.15889,7,1.2354e+07,1,6552,1.225,46.507,0.40222,0.1311,-762.54,0.65887,76.903,7.1778e+05,7.1778e+05,0,15483,93.609,6753.5,3.222,15.005,96.986,5.7676,-0.071728,6.3258,8.5687,1.7894e-05,0.00034437,15535,0,5.7676,0,-0.071728,6.3258,1,-0.2346,0,0.21124
0.1905,7,1.2354e+07,1,6552,1.225,44.016,0.40222,0.1311,-900.69,0.66084,92.202,6.8856e+05,6.8856e+05,0,15564,100.49,6670.4,3.2034,14.824,95.576,5.4989,-0.077702,6.2454,8.3299,1.7894e-05,0.00033846,15614,0,5.4989,0,-0.077702,6.2454,1,-0.23825,0,0.20711
0.22188,7,1.2354e+07,1,6552,1.225,42.139,0.40222,0.1311,-981.05,0.64665,107.39,6.6787e+05,6.6787e+05,0,15417,107.91,6481.1,3.1761,14.575,95.093,5.2701,-0.081385,6.1984,8.1454,1.7894e-05,0.0003358,15466,0,5.2701,0,-0.081385,6.1984,1,-0.24183,0,0.20292
0.25331,7,1.2354e+07,1,6552,1.225,39.528,0.40222,0.1311,-1024.2,0.64999,122.6,6.4198e+05,6.4198e+05,0,15473,114.62,6403.4,3.1586,14.404,93.53,4.9954,-0.083187,6.0877,7.8849,1.7894e-05,0.0003296,15520,0,4.9954,0,-0.083187,6.0877,1,-0.24534,0,0.19867
0.28474,7,1.2354e+07,1,6552,1.225,36.836,0.40222,0.1311,-1015.5,0.65406,137.82,5.9166e+05,5.9166e+05,0,15576,121.25,6327.2,3.1396,14.217,91.593,4.717,-0.08119,5.9556,7.6076,1.7894e-05,0.00032201,15620,0,4.717,0,-0.08119,5.9556,1,-0.24877,0,0.19436
0.31566,7,1.2354e+07,1,6552,1.225,36.324,0.40222,0.1311,-944.17,0.60126,152.78,5.4725e+05,5.4725e+05,0,14941,129.9,5889.6,3.0865,13.774,93.095,4.5792,-0.08058,5.987,7.5484,1.7894e-05,0.00032611,14984,0,4.5792,0,-0.08058,5.987,1,-0.25212,0,0.18999
0.34626,7,1.2353e+07,1,6552,1.225,34.423,0.40222,0.1311,-941.02,0.58705,167.59,5.1746e+05,5.1746e+05,0,14772,137.07,5690.9,3.0563,13.51,92.72,4.3526,-0.082103,5.8965,7.3406,1.7894e-05,0.00032371,14814,0,4.3526,0,-0.082103,5.8965,1,-0.2554,0,0.18556
0.37665,7,1.235e+07,1,6552,1.225,30.606,0.40222,0.1311,-1023.9,0.63,182.3,4.8799e+05,4.8799e+05,0,15380,142.26,5838.1,3.06,13.5,89.3,3.9994,-0.084425,5.6188,6.909,1.7894e-05,0.00031039,15418,0,3.9994,0,-0.084425,5.6188,1,-0.2586,0,0.18107
0.40661,7,1.2346e+07,1,6552,1.225,30.409,0.40222,0.1311,-1008.6,0.5645,196.8,4.4877e+05,4.4877e+05,0,14497,150.95,5340,2.9988,13.008,91.454,3.8906,-0.087618,5.6646,6.8849,1.7894e-05,0.00031729,14536,0,3.8906,0,-0.087618,5.6646,1,-0.26172,0,0.17653
0.4362,7,1.2346e+07,1,6552,1.225,28.85,0.40222,0.1311,-1031.2,0.54045,211.12,4.1451e+05,4.1451e+05,0,14197,158.16,5094.6,2.9613,12.696,91.419,3.6913,-0.090606,5.574,6.6992,1.7894e-05,0.00031626,14233,0,3.6913,0,-0.090606,5.574,1,-0.26476,0,0.17194
0.46546,7,1.2349e+07,1,6552,1.225,25.263,0.40222,0.1311,-1123.9,0.58311,225.28,3.7224e+05,3.7224e+05,0,14866,163.25,5237.9,2.9641,12.679,87.823,3.3529,-0.092571,5.2561,6.2492,1.7894e-05,0.00030197,14899,0,3.3529,0,-0.092571,5.2561,1,-0.26772,0,0.16729
0.49413,7,1.2348e+07,1,6552,1.225,24.358,0.40222,0.1311,-1127.7,0.54065,239.16,3.3296e+05,3.3296e+05,0,14312,170.84,4889.7,2.9143,12.282,88.835,3.2005,-0.09597,5.2061,6.1279,1.7894e-05,0.00030473,14344,0,3.2005,0,-0.09597,5.2061,1,-0.2706,0,0.16259
0.52227,7,1.2346e+07,1,6552,1.225,23.128,0.40222,0.1311,-1130,0.50835,252.78,2.9924e+05,2.9924e+05,0,13885,177.96,4604.6,2.8702,11.932,89.307,3.0283,-0.098938,5.1146,5.9627,1.7894e-05,0.00030562,13915,0,3.0283,0,-0.098938,5.1146,1,-0.2734,0,0.15785
0.55,7,1.2345e+07,1,6552,1.225,20.179,0.40222,0.1311,-1209.7,0.53929,266.2,2.4669e+05,2.4669e+05,0,14421,183.23,4674.4,2.8654,11.861,86.408,2.7331,-0.10098,4.798,5.5431,1.7894e-05,0.00029355,14448,0,2.7331,0,-0.10098,4.798,1,-0.27611,0,0.15305
0.57711,7,1.2345e+07,1,6552,1.225,18.175,0.40222,0.1311,-1258.6,0.53929,279.32,1.9596e+05,1.9596e+05,0,14494,189.26,4570.6,2.8409,11.652,85.083,2.5065,-0.10374,4.5747,5.2402,1.7894e-05,0.00028752,14519,0,2.5065,0,-0.10374,4.5747,1,-0.27874,0,0.14821
0.60348,7,1.2344e+07,1,6552,1.225,17.305,0.40222,0.1311,-1240.8,0.49545,292.08,1.755e+05,1.755e+05,0,13845,196.21,4230,2.7881,11.248,86.035,2.3677,-0.10667,4.4945,5.1061,1.7894e-05,0.00029065,13868,0,2.3677,0,-0.10667,4.4945,1,-0.28128,0,0.14332
0.62939,7,1.2342e+07,1,6552,1.225,15.008,0.40222,0.1311,-1304.3,0.51152,304.63,1.2331e+05,1.2331e+05,0,14149,201.59,4212.7,2.7738,11.112,83.813,2.121,-0.10845,4.1917,4.7273,1.7894e-05,0.00028115,14169,0,2.121,0,-0.10845,4.1917,1,-0.28374,0,0.13839
0.65476,7,1.2339e+07,1,6552,1.225,12.389,0.40222,0.1311,-1396.4,0.54755,316.9,44796,44796,0,14781,206.49,4294.8,2.7731,11.068,80.517,1.8468,-0.10958,3.802,4.2618,1.7894e-05,0.00026715,14797,0,1.8468,0,-0.10958,3.802,1,-0.28611,0,0.13342
0.67914,7,1.2335e+07,1,6552,1.225,11.905,0.40222,0.1311,-1338.6,0.48936,328.7,74651,74651,0,13809,213.24,3889.6,2.71,10.605,82.2,1.7467,-0.11232,3.7493,4.1799,1.7894e-05,0.00027367,13825,0,1.7467,0,-0.11232,3.7493,1,-0.2884,0,0.1284
0.7032,7,1.2331e+07,1,6552,1.225,10.236,0.40222,0.1311,-1377.5,0.48849,340.35,9260.5,9260.5,0,13803,218.7,3784.2,2.6849,10.401,80.756,1.5508,-0.11397,3.4723,3.8656,1.7894e-05,0.00026731,13816,0,1.5508,0,-0.11397,3.4723,1,-0.29059,0,0.12335
0.72698,7,1.2327e+07,1,6552,1.225,7.614,0.40222,0.1311,-1525.6,0.54353,351.86,-2.0024e+05,-2.0024e+05,0,14768,223.13,3955.3,2.699,10.452,76.148,1.2699,-0.11436,2.9627,3.3282,1.7894e-05,0.00024749,14772,0,1.2699,0,-0.11436,2.9627,1,-0.2927,0,0.11826
0.749,7,1.2326e+07,1,6552,1.225,7.4652,0.40222,0.1311,-1476,0.47758,362.52,-1.4886e+05,-1.4886e+05,0,13751,229.51,3534.5,2.6253,9.9337,78.084,1.204,-0.12027,2.9263,3.2999,1.7894e-05,0.00025551,13757,0,1.204,0,-0.12027,2.9263,1,-0.29472,0,0.11313
0.77058,7,1.2325e+07,1,6552,1.225,6.1169,0.40222,0.1311,-1669.4,0.48997,372.96,-1.8544e+05,-1.8544e+05,0,13989,234.55,3483.8,2.6083,9.788,76.667,1.0214,-0.12535,2.585,2.9856,1.7894e-05,0.00024852,13992,0,1.0214,0,-0.12535,2.585,1,-0.29665,0,0.10797
0.79177,7,1.2322e+07,1,6552,1.225,4.4914,0.40222,0.1311,-2040.1,0.53804,383.22,-3.3731e+05,-3.3731e+05,0,14897,239.21,3593.4,2.6155,9.7985,73.773,0.79783,-0.12646,2.1003,2.5655,1.7894e-05,0.0002343,14894,0,0.79783,0,-0.12646,2.1003,1,-0.29849,0,0.10278
0.81215,7,1.2319e+07,1,6552,1.225,3.7183,0.40222,0.1311,-2142.1,0.52851,393.08,-5.011e+05,-5.011e+05,0,14977,244.48,3456.1,2.5795,9.5313,72.695,0.66683,-0.12439,1.8187,2.3303,1.7894e-05,0.0002288,14968,0,0.66683,0,-0.12439,1.8187,1,-0.30024,0,0.097554
0.83145,7,1.2324e+07,1,6552,1.225,2.6175,0.40222,0.1311,-2270.3,0.5653,402.42,-6.749e+05,-6.749e+05,0,16133,249.1,3539.2,2.5772,9.4712,68.731,0.48157,-0.12602,1.3313,1.9726,1.7894e-05,0.00021006,16116,0,0.48157,0,-0.12602,1.3313,1,-0.3019,0,0.092299
0.84951,7,1.2324e+07,1,6552,1.225,1.9667,0.40222,0.1311,-2223.7,0.55901,411.16,-6.419e+05,-6.419e+05,0,16029,253.8,3408.3,2.549,9.2504,66.915,0.36419,-0.13005,1.0056,1.7005,1.7894e-05,0.00020177,16012,0,0.36419,0,-0.13005,1.0056,1,-0.30346,0,0.087016
0.86696,7,1.2315e+07,1,6552,1.225,1.5283,0.40222,0.1311,-2111.2,0.54709,419.61,-5.9172e+05,-5.9172e+05,0,15626,258.54,3235.1,2.5165,9.0096,66.312,0.26732,-0.12824,0.71536,1.4407,1.7894e-05,0.0001986,15609,0,0.26732,0,-0.12824,0.71536,1,-0.30493,0,0.081707
0.88349,7,1.2307e+07,1,6552,1.225,1.4085,0.40222,0.1311,-1991.1,0.51686,427.61,-6.0661e+05,-6.0661e+05,0,15063,263.32,2999.5,2.4666,8.67,66.688,0.20374,-0.12609,0.5007,1.2846,1.7894e-05,0.00020008,15044,0,0.20374,0,-0.12609,0.5007,1,-0.30631,0,0.076372
0.8993,7,1.2304e+07,1,6552,1.225,1.2006,0.40222,0.1311,-1970,0.52612,435.26,-7.1756e+05,-7.1756e+05,0,15353,267.8,2932.3,2.4466,8.5089,64.886,0.103,-0.12289,0.10469,1.0757,1.7894e-05,0.00019077,15328,0,0.103,0,-0.12289,0.10469,1,-0.3076,0,0.071015
0.9142,7,1.2305e+07,1,6552,1.225,1.1558,0.40222,0.1311,-1989.6,0.55319,442.47,-8.5908e+05,-8.5908e+05,0,15982,272.17,2932.9,2.4424,8.4409,62.337,-0.0045568,-0.11956,-0.38018,0.93222,1.7894e-05,0.0001771,15951,0,-0.0045568,0,-0.11956,-0.38018,1,-0.30879,0,0.065636
0.92773,7,1.2303e+07,1,6552,1.225,1.3074,0.40222,0.1311,-1808.4,0.49785,449.02,-8.056e+05,-8.056e+05,0,14763,276.33,2616.6,2.3746,8.0141,64.08,-0.01475,-0.11868,-0.49797,1.065,1.7894e-05,0.00018593,14732,0,-0.01475,0,-0.11868,-0.49797,1,-0.30989,0,0.060236
0.94043,7,1.2301e+07,1,6552,1.225,1.499,0.40222,0.1311,-1775,0.48741,455.17,-8.2228e+05,-8.2228e+05,0,14470,280.29,2474,2.341,7.7831,63.404,-0.05904,-0.11817,-0.80935,1.1973,1.7894e-05,0.00018215,14436,0,-0.05904,0,-0.11817,-0.80935,1,-0.31089,0,0.054819
0.95233,7,1.23e+07,1,6552,1.225,1.9754,0.40222,0.1311,-1894.6,0.52363,460.93,-9.197e+05,-9.197e+05,0,15149,284.29,2493.3,2.3443,7.7532,60.179,-0.12848,-0.11805,-1.3277,1.471,1.7894e-05,0.00016406,15109,0,-0.12848,0,-0.11805,-1.3277,1,-0.3118,0,0.049385
0.96303,7,1.2291e+07,1,6552,1.225,2.2798,0.40222,0.1311,-1805,0.47431,466.11,-8.8421e+05,-8.8421e+05,0,13970,287.77,2210.8,2.274,7.3273,62.127,-0.11151,-0.1219,-1.4296,1.6257,1.7894e-05,0.00017446,13929,0,-0.11151,0,-0.1219,-1.4296,1,-0.31262,0,0.043936
0.97285,7,1.2291e+07,1,6552,1.225,2.8609,0.40222,0.1311,-1896.7,0.46528,470.86,-9.3028e+05,-9.3028e+05,0,13711,291.26,2075.2,2.236,7.0787,61.698,-0.11997,-0.12855,-1.7266,1.8656,1.7894e-05,0.00017163,13666,0,-0.11997,0,-0.12855,-1.7266,1,-0.31334,0,0.038473
0.9819,7,1.2299e+07,1,6552,1.225,4.0571,0.40222,0.1311,-2207.6,0.50707,475.24,-1.1247e+06,-1.1247e+06,0,14635,295.14,2104.8,2.2401,7.0506,58.357,-0.14936,-0.13671,-2.274,2.3482,1.7894e-05,0.0001523,14580,0,-0.14936,0,-0.13671,-2.274,1,-0.31396,0,0.032999
0.98966,7,1.23e+07,1,6552,1.225,4.3312,0.40222,0.1311,-2097.2,0.44766,478.99,-1.1463e+06,-1.1463e+06,0,13091,297.72,1827.5,2.1656,6.6263,60.658,-0.10925,-0.14597,-2.3485,2.4284,1.7894e-05,0.00016459,13031,0,-0.10925,0,-0.14597,-2.3485,1,-0.31449,0,0.027514
0.99669,7,1.2302e+07,1,6552,1.225,5.1106,0.40222,0.1311,-2097.7,0.43025,482.4,-1.2846e+06,-1.2846e+06,0,12560,300.58,1690,2.1253,6.3819,60.434,-0.083654,-0.15044,-2.6276,2.6968,1.7894e-05,0.00016266,12489,0,-0.083654,0,-0.15044,-2.6276,1,-0.31492,0,0.022021
1.0031,7,1.2303e+07,1,6552,1.225,6.6894,0.40222,0.1311,-2267.4,0.45949,485.48,-1.6508e+06,-1.6508e+06,0,13103,304.04,1687.7,2.1254,6.3371,57.374,-0.061261,-0.15022,-3.138,3.192,1.7894e-05,0.00014447,13006,0,-0.061261,0,-0.15022,-3.138,1,-0.31526,0,0.016522
1.0077,7,1.2304e+07,1,6552,1.225,7.328,0.40222,0.1311,-2162.7,0.40675,487.73,-1.6645e+06,-1.6645e+06,0,12046,306.06,1472.8,2.0514,5.9416,59.59,-0.0092477,-0.15788,-3.2382,3.3001,1.7894e-05,0.00015683,11949,0,-0.0092477,0,-0.15788,-3.2382,1,-0.3155,0,0.011017
1.0118,7,1.279e+07,1,6552,1.225,9.0687,0.40222,0.1311,-2311.3,0.41429,489.72,-1.8571e+06,-1.8571e+06,0,12378,309.02,1419.3,2.0271,5.787,58.284,0.038502,-0.16267,-3.6338,3.6934,1.7894e-05,0.0001491,12273,0,0.038502,0,-0.16267,-3.6338,1,-0.31564,0,0.0055096
1.0152,7,1.3904e+07,1,6552,1.225,11.698,0.40222,0.1311,-2629.3,0.45154,491.35,-2.073e+06,-2.073e+06,0,13526,312.65,1433.8,2.0251,5.7324,55.289,0.097295,-0.16498,-4.1791,4.2325,1.7894e-05,0.00013198,13416,0,0.097295,0,-0.16498,-4.1791,1,-0.31569,0,3.8661e-17
