"Cp","cell_element_type","cell_id","cell_type","cell_zone","density","dynamic_pressure","expr:C_D","expr:C_L","helicity","laminar_kinetic_energy","pressure","pressure_coefficient","q_criterion","raw_q_criterion","skin_friction_coef","strain_rate_mag","total_pressure","turb_diss_rate","turb_intensity","turb_kinetic_energy","turb_reynolds_number_rey","velocity:0","velocity:1","velocity:2","velocity_magnitude","viscosity_lam","viscosity_turb","vorticity_mag","wall_shear","x_velocity","y_plus","y_velocity","z_velocity","vtkValidPointMask","Points:0","Points:1","Points:2"
0.98321,7,1.1184e+07,1,5688,1.225,29.709,0.37528,0.023894,-87.976,5.9584e-05,291.47,475.87,-1.7613e+06,-1.7613e+06,0,38985,321.18,0.00012084,0.0093897,7.3364e-05,0.24077,0.028801,-0.0036144,-6.6593,6.6598,1.7894e-05,1.8071e-11,38941,0,0.028801,0,-0.0036144,-6.6593,1,-0.3158,0,-3.8674e-17
0.98537,7,1.1203e+07,1,5688,1.225,31.987,0.37528,0.023894,-120.45,5.8363e-05,292.11,476.92,-1.7262e+06,-1.7262e+06,0,38778,324.1,0.00011952,0.0093579,7.3708e-05,0.23895,0.15033,-0.00097629,-6.9409,6.943,1.7894e-05,1.8275e-11,38735,0,0.15033,0,-0.00097629,-6.9409,1,-0.31575,0,-0.0055115
0.98673,7,1.0951e+07,1,5688,1.225,34.64,0.37528,0.023894,-1207.9,5.7144e-05,292.52,477.58,-1.8837e+06,-1.8837e+06,0,38209,327.16,0.00011852,0.0093322,7.4199e-05,0.237,0.28377,-0.015475,-7.2591,7.2651,1.7894e-05,1.8718e-11,38161,0,0.28377,0,-0.015475,-7.2591,1,-0.31561,0,-0.011021
0.98538,7,1.1404e+07,1,5688,1.225,38.194,0.37528,0.023894,-536.21,5.554e-05,292.11,476.92,-1.8877e+06,-1.8877e+06,0,37170,330.31,0.00011682,0.0092876,7.4528e-05,0.23426,0.43341,-0.011146,-7.6638,7.6763,1.7894e-05,1.9272e-11,37120,0,0.43341,0,-0.011146,-7.6638,1,-0.31537,0,-0.016528
0.98542,7,1.145e+07,1,5688,1.225,41.519,0.37528,0.023894,-612.07,5.5953e-05,292.13,476.94,-1.9085e+06,-1.9085e+06,0,36640,333.65,0.00011619,0.0092795,7.3931e-05,0.23306,0.5878,-0.01111,-8.0112,8.0329,1.7894e-05,1.8839e-11,36590,0,0.5878,0,-0.01111,-8.0112,1,-0.31503,0,-0.022029
0.98516,7,1.1403e+07,1,5688,1.225,44.402,0.37528,0.023894,-775.32,5.647e-05,292.05,476.82,-2.0488e+06,-2.0488e+06,0,36709,336.45,0.00011501,0.0092527,7.2623e-05,0.23072,0.75449,-0.012324,-8.2936,8.3282,1.7894e-05,1.7937e-11,36654,0,0.75449,0,-0.012324,-8.2936,1,-0.3146,0,-0.027524
0.98455,7,1.1443e+07,1,5688,1.225,47.332,0.37528,0.023894,-487.17,5.5105e-05,291.87,476.52,-2.1378e+06,-2.1378e+06,0,36491,339.2,0.00011215,0.0091617,7.1413e-05,0.22681,0.92796,-0.0098455,-8.5705,8.6209,1.7894e-05,1.7368e-11,36434,0,0.92796,0,-0.0098455,-8.5705,1,-0.31407,0,-0.03301
0.98372,7,1.1019e+07,1,5688,1.225,50.271,0.37528,0.023894,-865.3,5.396e-05,291.62,476.12,-2.1547e+06,-2.1547e+06,0,36239,341.9,0.00010968,0.0090799,7.0298e-05,0.22332,1.1126,-0.013875,-8.8344,8.9045,1.7894e-05,1.6843e-11,36180,0,1.1126,0,-0.013875,-8.8344,1,-0.31345,0,-0.038486
0.98116,7,1.1295e+07,1,5688,1.225,53.471,0.37528,0.023894,-633.11,5.2643e-05,290.86,474.88,-2.2429e+06,-2.2429e+06,0,35784,344.34,0.00010732,0.0090021,6.9473e-05,0.22007,1.3084,-0.011219,-9.1106,9.2043,1.7894e-05,1.6599e-11,35722,0,1.3084,0,-0.011219,-9.1106,1,-0.31273,0,-0.043951
0.97654,7,1.1019e+07,1,5688,1.225,57.456,0.37528,0.023894,-411.77,5.1077e-05,289.5,472.64,-2.1738e+06,-2.1738e+06,0,35102,346.95,0.00010484,0.008917,6.8724e-05,0.2164,1.5242,-0.0088184,-9.4416,9.564,1.7894e-05,1.6446e-11,35041,0,1.5242,0,-0.0088184,-9.4416,1,-0.31191,0,-0.049402
0.97039,7,1.103e+07,1,5688,1.225,62.074,0.37528,0.023894,-638.84,4.9409e-05,287.67,469.67,-2.3303e+06,-2.3303e+06,0,34300,349.75,0.00010239,0.0088292,6.8028e-05,0.21266,1.757,-0.011716,-9.8067,9.963,1.7894e-05,1.6324e-11,34233,0,1.757,0,-0.011716,-9.8067,1,-0.311,0,-0.054838
0.96229,7,1.1031e+07,1,5688,1.225,67.087,0.37528,0.023894,-678.44,4.7867e-05,285.27,465.75,-2.275e+06,-2.275e+06,0,33363,352.36,0.00010032,0.0087555,6.7608e-05,0.20982,2.0064,-0.011268,-10.18,10.376,1.7894e-05,1.6429e-11,33296,0,2.0064,0,-0.011268,-10.18,1,-0.31,0,-0.060257
0.95335,7,1.1523e+07,1,5688,1.225,72.432,0.37528,0.023894,-748.52,4.6385e-05,282.62,461.42,-2.2033e+06,-2.2033e+06,0,32445,355.05,9.8361e-05,0.0086831,6.718e-05,0.20685,2.2696,-0.012532,-10.556,10.797,1.7894e-05,1.6522e-11,32378,0,2.2696,0,-0.012532,-10.556,1,-0.3089,0,-0.065659
0.94456,7,1.1531e+07,1,5688,1.225,77.764,0.37528,0.023894,-761.84,4.5052e-05,280.01,457.17,-2.2886e+06,-2.2886e+06,0,31570,357.78,9.6525e-05,0.0086135,6.6688e-05,0.20405,2.5452,-0.013133,-10.909,11.202,1.7894e-05,1.6496e-11,31498,0,2.5452,0,-0.013133,-10.909,1,-0.30771,0,-0.07104
0.93541,7,1.109e+07,1,5688,1.225,83.439,0.37528,0.023894,-1004.2,4.376e-05,277.3,452.74,-2.3077e+06,-2.3077e+06,0,30766,360.74,9.4612e-05,0.0085368,6.6017e-05,0.20103,2.8332,-0.017206,-11.261,11.612,1.7894e-05,1.6484e-11,30692,0,2.8332,0,-0.017206,-11.261,1,-0.30642,0,-0.076399
0.92528,7,1.0632e+07,1,5688,1.225,89.476,0.37528,0.023894,-1085.2,4.2465e-05,274.3,447.84,-2.2595e+06,-2.2595e+06,0,29969,363.78,9.2668e-05,0.0084554,6.5291e-05,0.19803,3.1355,-0.018376,-11.611,12.028,1.7894e-05,1.662e-11,29894,0,3.1355,0,-0.018376,-11.611,1,-0.30504,0,-0.081735
0.91489,7,1.0643e+07,1,5688,1.225,95.406,0.37528,0.023894,-1179,4.1299e-05,271.22,442.81,-2.2655e+06,-2.2655e+06,0,29195,366.63,9.0882e-05,0.0083797,6.4591e-05,0.19531,3.4465,-0.019846,-11.935,12.423,1.7894e-05,1.6755e-11,29118,0,3.4465,0,-0.019846,-11.935,1,-0.30357,0,-0.087046
0.90328,7,1.0646e+07,1,5688,1.225,101.75,0.37528,0.023894,-1251.6,4.0223e-05,267.78,437.19,-2.3735e+06,-2.3735e+06,0,28486,369.53,8.9113e-05,0.0083025,6.3795e-05,0.19226,3.7726,-0.02091,-12.265,12.832,1.7894e-05,1.6813e-11,28404,0,3.7726,0,-0.02091,-12.265,1,-0.302,0,-0.092331
0.89101,7,1.0678e+07,1,5688,1.225,107.88,0.37528,0.023894,-1306.1,3.9324e-05,264.14,431.25,-2.4028e+06,-2.4028e+06,0,27767,372.02,8.7609e-05,0.0082371,6.3121e-05,0.18975,4.1056,-0.021836,-12.563,13.217,1.7894e-05,1.6933e-11,27681,0,4.1056,0,-0.021836,-12.563,1,-0.30034,0,-0.097588
0.87834,7,1.1149e+07,1,5688,1.225,114.02,0.37528,0.023894,-1301.2,3.8533e-05,260.38,425.12,-2.4682e+06,-2.4682e+06,0,27080,374.4,8.6166e-05,0.0081734,6.2388e-05,0.18727,4.4463,-0.021327,-12.843,13.591,1.7894e-05,1.6999e-11,26990,0,4.4463,0,-0.021327,-12.843,1,-0.29859,0,-0.10281
0.86493,7,1.0748e+07,1,5688,1.225,120.2,0.37528,0.023894,-1406.8,3.7846e-05,256.41,418.62,-2.4794e+06,-2.4794e+06,0,26393,376.6,8.4824e-05,0.0081135,6.1654e-05,0.18492,4.7933,-0.023222,-13.109,13.958,1.7894e-05,1.7073e-11,26299,0,4.7933,0,-0.023222,-13.109,1,-0.29675,0,-0.10801
0.85101,7,1.1039e+07,1,5688,1.225,126.32,0.37528,0.023894,-1335.5,3.7205e-05,252.28,411.89,-2.3552e+06,-2.3552e+06,0,25706,378.6,8.3513e-05,0.0080542,6.0893e-05,0.18255,5.148,-0.021673,-13.354,14.312,1.7894e-05,1.7126e-11,25615,0,5.148,0,-0.021673,-13.354,1,-0.29482,0,-0.11317
0.837,7,1.0709e+07,1,5688,1.225,132.18,0.37528,0.023894,-1303.4,3.6632e-05,248.13,405.11,-2.4197e+06,-2.4197e+06,0,25035,380.31,8.2363e-05,0.0080022,6.0246e-05,0.18056,5.5032,-0.020592,-13.571,14.644,1.7894e-05,1.7242e-11,24939,0,5.5032,0,-0.020592,-13.571,1,-0.2928,0,-0.1183
0.8224,7,1.0839e+07,1,5688,1.225,138.19,0.37528,0.023894,-1336.9,3.5996e-05,243.8,398.04,-2.3951e+06,-2.3951e+06,0,24373,381.99,8.1068e-05,0.0079417,5.947e-05,0.17808,5.8685,-0.020771,-13.779,14.977,1.7894e-05,1.7286e-11,24275,0,5.8685,0,-0.020771,-13.779,1,-0.2907,0,-0.12339
0.80761,7,1.032e+07,1,5688,1.225,143.67,0.37528,0.023894,-1474.9,3.5449e-05,239.41,390.88,-2.3629e+06,-2.3629e+06,0,23695,383.08,8.0076e-05,0.0078966,5.8965e-05,0.17643,6.231,-0.023396,-13.945,15.274,1.7894e-05,1.7496e-11,23596,0,6.231,0,-0.023396,-13.945,1,-0.2885,0,-0.12845
0.79262,7,1.0373e+07,1,5688,1.225,149.6,0.37528,0.023894,-1520.7,3.4753e-05,234.97,383.63,-2.2538e+06,-2.2538e+06,0,23061,384.57,7.8729e-05,0.0078319,5.8161e-05,0.17375,6.6054,-0.024063,-14.121,15.589,1.7894e-05,1.7501e-11,22964,0,6.6054,0,-0.024063,-14.121,1,-0.28621,0,-0.13346
0.77722,7,1.075e+07,1,5688,1.225,155.16,0.37528,0.023894,-1533.2,3.412e-05,230.41,376.17,-2.284e+06,-2.284e+06,0,22399,385.56,7.7609e-05,0.0077784,5.7561e-05,0.17173,6.9763,-0.023901,-14.265,15.879,1.7894e-05,1.7665e-11,22297,0,6.9763,0,-0.023901,-14.265,1,-0.28384,0,-0.13844
0.76171,7,1.0785e+07,1,5688,1.225,160.6,0.37528,0.023894,-1540.6,3.3475e-05,225.81,368.67,-2.2674e+06,-2.2674e+06,0,21756,386.41,7.6498e-05,0.0077247,5.6973e-05,0.16966,7.3511,-0.023648,-14.389,16.158,1.7894e-05,1.7816e-11,21652,0,7.3511,0,-0.023648,-14.389,1,-0.28138,0,-0.14337
0.74602,7,1.1241e+07,1,5688,1.225,165.9,0.37528,0.023894,-1527.9,3.2849e-05,221.16,361.07,-2.1842e+06,-2.1842e+06,0,21110,387.06,7.5463e-05,0.0076744,5.6451e-05,0.16781,7.7253,-0.023073,-14.496,16.426,1.7894e-05,1.8022e-11,21006,0,7.7253,0,-0.023073,-14.496,1,-0.27883,0,-0.14826
0.73023,7,1.1843e+07,1,5688,1.225,171.41,0.37528,0.023894,-1578.7,3.2129e-05,216.48,353.43,-2.256e+06,-2.256e+06,0,20491,387.88,7.4188e-05,0.0076104,5.572e-05,0.16518,8.1089,-0.023935,-14.598,16.699,1.7894e-05,1.8088e-11,20381,0,8.1089,0,-0.023935,-14.598,1,-0.2762,0,-0.1531
0.71452,7,1.206e+07,1,5688,1.225,176.52,0.37528,0.023894,-1535.5,3.1482e-05,211.82,345.83,-2.2174e+06,-2.2174e+06,0,19844,388.34,7.311e-05,0.0075565,5.5149e-05,0.1632,8.4882,-0.022391,-14.67,16.949,1.7894e-05,1.8294e-11,19732,0,8.4882,0,-0.022391,-14.67,1,-0.27349,0,-0.1579
0.69833,7,1.1749e+07,1,5688,1.225,181.78,0.37528,0.023894,-1522.3,3.0799e-05,207.02,337.99,-2.182e+06,-2.182e+06,0,19221,388.79,7.1967e-05,0.0074983,5.453e-05,0.16086,8.8706,-0.021566,-14.738,17.201,1.7894e-05,1.8448e-11,19107,0,8.8706,0,-0.021566,-14.738,1,-0.27069,0,-0.16265
0.6823,7,1.179e+07,1,5688,1.225,186.72,0.37528,0.023894,-1510.6,3.0164e-05,202.27,330.24,-2.1285e+06,-2.1285e+06,0,18587,388.98,7.0929e-05,0.0074454,5.3983e-05,0.15888,9.2523,-0.021262,-14.778,17.436,1.7894e-05,1.8681e-11,18473,0,9.2523,0,-0.021262,-14.778,1,-0.26781,0,-0.16735
0.66624,7,1.1782e+07,1,5688,1.225,191.54,0.37528,0.023894,-1551.1,2.9543e-05,197.51,322.46,-2.0018e+06,-2.0018e+06,0,17964,389.05,6.9921e-05,0.0073936,5.3454e-05,0.15695,9.6309,-0.02231,-14.805,17.662,1.7894e-05,1.8923e-11,17853,0,9.6309,0,-0.02231,-14.805,1,-0.26485,0,-0.172
0.65037,7,1.2115e+07,1,5688,1.225,196.41,0.37528,0.023894,-1574,2.8878e-05,192.8,314.78,-2.0025e+06,-2.0025e+06,0,17358,389.21,6.8782e-05,0.007334,5.2803e-05,0.15463,10.014,-0.022729,-14.821,17.887,1.7894e-05,1.9086e-11,17242,0,10.014,0,-0.022729,-14.821,1,-0.26181,0,-0.17659
0.63457,7,1.2288e+07,1,5688,1.225,200.77,0.37528,0.023894,-1591.3,2.8329e-05,188.12,307.13,-1.9414e+06,-1.9414e+06,0,16753,388.88,6.7968e-05,0.0072919,5.2425e-05,0.15327,10.384,-0.023179,-14.808,18.086,1.7894e-05,1.947e-11,16637,0,10.384,0,-0.023179,-14.808,1,-0.25869,0,-0.18114
0.61909,7,1.2295e+07,1,5688,1.225,205.23,0.37528,0.023894,-1552.7,2.7697e-05,183.53,299.64,-1.8733e+06,-1.8733e+06,0,16173,388.76,6.6906e-05,0.0072354,5.1824e-05,0.15111,10.761,-0.021436,-14.786,18.288,1.7894e-05,1.9669e-11,16056,0,10.761,0,-0.021436,-14.786,1,-0.25549,0,-0.18562
0.60375,7,1.2304e+07,1,5688,1.225,209.44,0.37528,0.023894,-1515.8,2.7118e-05,178.98,292.21,-1.83e+06,-1.83e+06,0,15608,388.42,6.5984e-05,0.0071862,5.1336e-05,0.14934,11.13,-0.020527,-14.747,18.476,1.7894e-05,1.996e-11,15490,0,11.13,0,-0.020527,-14.747,1,-0.25221,0,-0.19005
0.58862,7,1.2314e+07,1,5688,1.225,213.46,0.37528,0.023894,-1542.8,2.653e-05,174.5,284.89,-1.7915e+06,-1.7915e+06,0,15063,387.95,6.505e-05,0.007136,5.0837e-05,0.14749,11.494,-0.021721,-14.692,18.654,1.7894e-05,2.0239e-11,14943,0,11.494,0,-0.021721,-14.692,1,-0.24885,0,-0.19443
0.57387,7,1.3272e+07,1,5688,1.225,217.51,0.37528,0.023894,-1525.3,2.5884e-05,170.12,277.75,-1.8415e+06,-1.8415e+06,0,14538,387.63,6.3939e-05,0.0070751,5.0177e-05,0.14509,11.861,-0.020884,-14.626,18.831,1.7894e-05,2.038e-11,14411,0,11.861,0,-0.020884,-14.626,1,-0.24542,0,-0.19874
0.55987,7,1.3741e+07,1,5688,1.225,220.94,0.37528,0.023894,-1494.4,2.5349e-05,165.97,270.98,-1.6529e+06,-1.6529e+06,0,14010,386.91,6.314e-05,0.0070316,4.9782e-05,0.14368,12.21,-0.019774,-14.532,18.981,1.7894e-05,2.0776e-11,13891,0,12.21,0,-0.019774,-14.532,1,-0.24192,0,-0.20299
0.54578,7,1.3721e+07,1,5688,1.225,224.51,0.37528,0.023894,-1476.8,2.4759e-05,161.8,264.16,-1.6437e+06,-1.6437e+06,0,13517,386.31,6.2201e-05,0.0069796,4.9268e-05,0.14174,12.564,-0.018853,-14.432,19.135,1.7894e-05,2.1039e-11,13395,0,12.564,0,-0.018853,-14.432,1,-0.23834,0,-0.20718
0.5324,7,1.3645e+07,1,5688,1.225,227.79,0.37528,0.023894,-1480.6,2.4186e-05,157.83,257.68,-1.614e+06,-1.614e+06,0,13041,385.62,6.1303e-05,0.0069295,4.8783e-05,0.13992,12.905,-0.018969,-14.317,19.275,1.7894e-05,2.1325e-11,12917,0,12.905,0,-0.018969,-14.317,1,-0.23469,0,-0.21131
0.5195,7,1.3771e+07,1,5688,1.225,230.85,0.37528,0.023894,-1494.7,2.3605e-05,154.01,251.44,-1.5632e+06,-1.5632e+06,0,12588,384.85,6.0392e-05,0.0068782,4.8288e-05,0.138,13.242,-0.019837,-14.184,19.405,1.7894e-05,2.1577e-11,12463,0,13.242,0,-0.019837,-14.184,1,-0.23096,0,-0.21538
0.50727,7,1.3777e+07,1,5688,1.225,233.54,0.37528,0.023894,-1438.3,2.3087e-05,150.38,245.52,-1.4859e+06,-1.4859e+06,0,12155,383.92,5.9655e-05,0.0068366,4.7938e-05,0.13662,13.567,-0.017312,-14.032,19.518,1.7894e-05,2.1978e-11,12032,0,13.567,0,-0.017312,-14.032,1,-0.22717,0,-0.21937
0.49527,7,1.3855e+07,1,5688,1.225,236.4,0.37528,0.023894,-1406.9,2.2488e-05,146.82,239.71,-1.4963e+06,-1.4963e+06,0,11750,383.22,5.8687e-05,0.0067812,4.7385e-05,0.13441,13.893,-0.01624,-13.88,19.638,1.7894e-05,2.2126e-11,11622,0,13.893,0,-0.01624,-13.88,1,-0.2233,0,-0.2233
0.48414,7,1.3609e+07,1,5688,1.225,238.72,0.37528,0.023894,-1373.5,2.1958e-05,143.52,234.32,-1.4528e+06,-1.4528e+06,0,11361,382.24,5.7926e-05,0.0067374,4.701e-05,0.13289,14.204,-0.015931,-13.701,19.735,1.7894e-05,2.2466e-11,11232,0,14.204,0,-0.015931,-13.701,1,-0.21937,0,-0.22717
0.47345,7,1.3426e+07,1,5688,1.225,240.89,0.37528,0.023894,-1316.6,2.1443e-05,140.35,229.15,-1.3879e+06,-1.3879e+06,0,10997,381.25,5.7205e-05,0.0066956,4.6668e-05,0.13143,14.507,-0.014491,-13.513,19.825,1.7894e-05,2.2806e-11,10870,0,14.507,0,-0.014491,-13.513,1,-0.21538,0,-0.23096
0.46359,7,1.298e+07,1,5688,1.225,242.71,0.37528,0.023894,-1272.2,2.097e-05,137.43,224.38,-1.3517e+06,-1.3517e+06,0,10655,380.14,5.6605e-05,0.0066606,4.6428e-05,0.13035,14.797,-0.01354,-13.307,19.9,1.7894e-05,2.3262e-11,10527,0,14.797,0,-0.01354,-13.307,1,-0.21131,0,-0.23469
0.45424,7,1.203e+07,1,5688,1.225,244.51,0.37528,0.023894,-1211.6,2.0464e-05,134.66,219.85,-1.3266e+06,-1.3266e+06,0,10345,379.17,5.5901e-05,0.0066193,4.6093e-05,0.12881,15.082,-0.012556,-13.097,19.974,1.7894e-05,2.3537e-11,10216,0,15.082,0,-0.012556,-13.097,1,-0.20718,0,-0.23834
0.44571,7,1.2522e+07,1,5688,1.225,246.07,0.37528,0.023894,-1162.2,1.9969e-05,132.13,215.72,-1.2889e+06,-1.2889e+06,0,10060,378.2,5.5217e-05,0.006579,4.5769e-05,0.12726,15.357,-0.011551,-12.873,20.038,1.7894e-05,2.3761e-11,9931,0,15.357,0,-0.011551,-12.873,1,-0.20299,0,-0.24192
0.4378,7,1.2066e+07,1,5688,1.225,247.37,0.37528,0.023894,-1097.1,1.9492e-05,129.79,211.9,-1.3327e+06,-1.3327e+06,0,9805,377.15,5.4571e-05,0.0065405,4.5471e-05,0.12585,15.622,-0.0099474,-12.634,20.092,1.7894e-05,2.4017e-11,9668,0,15.622,0,-0.0099474,-12.634,1,-0.19874,0,-0.24542
0.43062,7,1.1839e+07,1,5688,1.225,248.5,0.37528,0.023894,-1041,1.9047e-05,127.66,208.42,-1.2789e+06,-1.2789e+06,0,9572.4,376.16,5.4012e-05,0.0065071,4.5246e-05,0.1246,15.876,-0.0086745,-12.389,20.138,1.7894e-05,2.427e-11,9437.8,0,15.876,0,-0.0086745,-12.389,1,-0.19443,0,-0.24885
0.42425,7,1.1813e+07,1,5688,1.225,249.44,0.37528,0.023894,-1004.7,1.8596e-05,125.77,205.34,-1.2159e+06,-1.2159e+06,0,9361.4,375.21,5.3409e-05,0.0064708,4.4971e-05,0.12316,16.122,-0.008954,-12.132,20.176,1.7894e-05,2.441e-11,9230.6,0,16.122,0,-0.008954,-12.132,1,-0.19005,0,-0.25221
0.41873,7,1.1643e+07,1,5688,1.225,250.09,0.37528,0.023894,-923.38,1.8181e-05,124.13,202.66,-1.2226e+06,-1.2226e+06,0,9187.5,374.22,5.2913e-05,0.0064409,4.4787e-05,0.12197,16.352,-0.0060843,-11.864,20.203,1.7894e-05,2.4582e-11,9053.5,0,16.352,0,-0.0060843,-11.864,1,-0.18562,0,-0.25549
0.41397,7,1.1968e+07,1,5688,1.225,250.55,0.37528,0.023894,-882.34,1.779e-05,122.72,200.36,-1.1693e+06,-1.1693e+06,0,9034.2,373.27,5.2466e-05,0.0064137,4.4636e-05,0.12088,16.572,-0.0054291,-11.588,20.222,1.7894e-05,2.4728e-11,8903.9,0,16.572,0,-0.0054291,-11.588,1,-0.18114,0,-0.25869
0.40989,7,1.1885e+07,1,5688,1.225,250.85,0.37528,0.023894,-853.4,1.7413e-05,121.51,198.39,-1.1611e+06,-1.1611e+06,0,8914.6,372.36,5.2041e-05,0.0063879,4.4498e-05,0.11976,16.782,-0.0054361,-11.304,20.234,1.7894e-05,2.4801e-11,8783.3,0,16.782,0,-0.0054361,-11.304,1,-0.17659,0,-0.26181
0.40654,7,1.2073e+07,1,5688,1.225,250.93,0.37528,0.023894,-795.08,1.7068e-05,120.52,196.76,-1.1409e+06,-1.1409e+06,0,8822.2,371.45,5.1694e-05,0.0063666,4.442e-05,0.1188,16.979,-0.0036356,-11.012,20.238,1.7894e-05,2.4868e-11,8691.9,0,16.979,0,-0.0036356,-11.012,1,-0.172,0,-0.26485
0.40402,7,1.2076e+07,1,5688,1.225,250.82,0.37528,0.023894,-755.96,1.6753e-05,119.77,195.55,-1.115e+06,-1.115e+06,0,8760.6,370.59,5.142e-05,0.0063499,4.44e-05,0.11797,17.165,-0.0038356,-10.711,20.233,1.7894e-05,2.4902e-11,8632.4,0,17.165,0,-0.0038356,-10.711,1,-0.16735,0,-0.26781
0.40185,7,1.1602e+07,1,5688,1.225,250.59,0.37528,0.023894,-695.32,1.6459e-05,119.13,194.49,-1.1354e+06,-1.1354e+06,0,8734.4,369.72,5.1193e-05,0.0063361,4.4412e-05,0.11714,17.343,-0.0028678,-10.403,20.224,1.7894e-05,2.4862e-11,8603.4,0,17.343,0,-0.0028678,-10.403,1,-0.16265,0,-0.27069
0.40045,7,1.2285e+07,1,5688,1.225,250.17,0.37528,0.023894,-562.63,1.621e-05,118.71,193.82,-1.1256e+06,-1.1256e+06,0,8729.4,368.88,5.1089e-05,0.0063297,4.4527e-05,0.11662,17.507,0.0013591,-10.091,20.207,1.7894e-05,2.4887e-11,8599.5,0,17.507,0,0.0013591,-10.091,1,-0.1579,0,-0.27349
0.39962,7,1.2222e+07,1,5688,1.225,249.67,0.37528,0.023894,-458.94,1.596e-05,118.47,193.41,-1.1617e+06,-1.1617e+06,0,8761.1,368.14,5.0948e-05,0.0063212,4.4599e-05,0.11585,17.664,0.0026645,-9.7726,20.187,1.7894e-05,2.4722e-11,8627.5,0,17.664,0,0.0026645,-9.7726,1,-0.1531,0,-0.2762
0.39901,7,1.1822e+07,1,5688,1.225,249.13,0.37528,0.023894,-335.01,1.5725e-05,118.29,193.12,-1.1859e+06,-1.1859e+06,0,8819.7,367.42,5.0837e-05,0.0063147,4.469e-05,0.11503,17.813,0.0059468,-9.452,20.166,1.7894e-05,2.4459e-11,8684.2,0,17.813,0,0.0059468,-9.452,1,-0.14826,0,-0.27883
0.39931,7,1.1627e+07,1,5688,1.225,248.18,0.37528,0.023894,-213.9,1.5584e-05,118.37,193.26,-1.1379e+06,-1.1379e+06,0,8895.6,366.55,5.1049e-05,0.0063278,4.5073e-05,0.1151,17.941,0.0084201,-9.1222,20.127,1.7894e-05,2.4517e-11,8766.8,0,17.941,0,0.0084201,-9.1222,1,-0.14337,0,-0.28138
0.39976,7,1.1632e+07,1,5688,1.225,247.3,0.37528,0.023894,-60.971,1.5422e-05,118.51,193.48,-1.175e+06,-1.175e+06,0,9007.3,365.81,5.116e-05,0.0063352,4.5357e-05,0.11469,18.066,0.01116,-8.7909,20.091,1.7894e-05,2.4298e-11,8875.9,0,18.066,0,0.01116,-8.7909,1,-0.13844,0,-0.28384
0.40061,7,1.1638e+07,1,5688,1.225,246.32,0.37528,0.023894,124.79,1.5293e-05,118.76,193.9,-1.1999e+06,-1.1999e+06,0,9144.1,365.08,5.1381e-05,0.0063491,4.5739e-05,0.11448,18.18,0.01514,-8.4572,20.051,1.7894e-05,2.4127e-11,9011.9,0,18.18,0,0.01514,-8.4572,1,-0.13346,0,-0.28621
0.40201,7,1.1665e+07,1,5688,1.225,245.21,0.37528,0.023894,364.77,1.5169e-05,119.18,194.57,-1.2546e+06,-1.2546e+06,0,9312.2,364.39,5.1599e-05,0.0063633,4.611e-05,0.11407,18.285,0.020949,-8.1187,20.006,1.7894e-05,2.3778e-11,9176.5,0,18.285,0,0.020949,-8.1187,1,-0.12845,0,-0.2885
0.40448,7,1.1689e+07,1,5688,1.225,243.74,0.37528,0.023894,626.85,1.508e-05,119.91,195.77,-1.2968e+06,-1.2968e+06,0,9508.4,363.65,5.1955e-05,0.0063857,4.6612e-05,0.11398,18.369,0.026387,-7.7738,19.946,1.7894e-05,2.3525e-11,9371,0,18.369,0,0.026387,-7.7738,1,-0.12339,0,-0.2907
0.40736,7,1.2476e+07,1,5688,1.225,242.06,0.37528,0.023894,879.59,1.5032e-05,120.76,197.16,-1.3115e+06,-1.3115e+06,0,9734.6,362.82,5.248e-05,0.0064181,4.7274e-05,0.11425,18.439,0.030225,-7.4222,19.877,1.7894e-05,2.3394e-11,9599,0,18.439,0,0.030225,-7.4222,1,-0.1183,0,-0.2928
0.41105,7,1.2917e+07,1,5688,1.225,240.11,0.37528,0.023894,1178.5,1.5019e-05,121.86,198.95,-1.3493e+06,-1.3493e+06,0,9994.2,361.97,5.3159e-05,0.006459,4.8089e-05,0.11485,18.491,0.037096,-7.0707,19.797,1.7894e-05,2.3388e-11,9858.3,0,18.491,0,0.037096,-7.0707,1,-0.11317,0,-0.29482
0.415,7,1.2619e+07,1,5688,1.225,238.14,0.37528,0.023894,1537.5,1.4991e-05,123.03,200.86,-1.4319e+06,-1.4319e+06,0,10305,361.17,5.3812e-05,0.0064969,4.8886e-05,0.11518,18.535,0.044247,-6.7175,19.715,1.7894e-05,2.3267e-11,10166,0,18.535,0,0.044247,-6.7175,1,-0.10801,0,-0.29675
0.41969,7,1.2474e+07,1,5688,1.225,235.9,0.37528,0.023894,1953.9,1.4994e-05,124.42,203.13,-1.4483e+06,-1.4483e+06,0,10654,360.32,5.461e-05,0.0065437,4.9829e-05,0.11569,18.562,0.052108,-6.3601,19.622,1.7894e-05,2.3167e-11,10517,0,18.562,0,0.052108,-6.3601,1,-0.10281,0,-0.29859
0.42502,7,1.3103e+07,1,5688,1.225,233.41,0.37528,0.023894,2407.1,1.5017e-05,126,205.71,-1.5065e+06,-1.5065e+06,0,11053,359.41,5.5545e-05,0.0065984,5.0914e-05,0.11635,18.572,0.060036,-6.0011,19.518,1.7894e-05,2.3077e-11,10916,0,18.572,0,0.060036,-6.0011,1,-0.097588,0,-0.30034
0.4314,7,1.3553e+07,1,5688,1.225,230.44,0.37528,0.023894,2790.1,1.5069e-05,127.89,208.8,-1.5363e+06,-1.5363e+06,0,11498,358.33,5.6684e-05,0.0066649,5.221e-05,0.11729,18.555,0.066996,-5.6372,19.393,1.7894e-05,2.3061e-11,11364,0,18.555,0,0.066996,-5.6372,1,-0.092331,0,-0.302
0.43894,7,1.373e+07,1,5688,1.225,226.95,0.37528,0.023894,3220.3,1.5163e-05,130.12,212.45,-1.6193e+06,-1.6193e+06,0,12004,357.07,5.8117e-05,0.0067488,5.3819e-05,0.11873,18.508,0.075373,-5.2695,19.245,1.7894e-05,2.3175e-11,11868,0,18.508,0,0.075373,-5.2695,1,-0.087046,0,-0.30357
0.44879,7,1.401e+07,1,5688,1.225,222.91,0.37528,0.023894,3802.8,1.5178e-05,133.04,217.22,-1.7076e+06,-1.7076e+06,0,12603,355.96,5.9414e-05,0.0068225,5.534e-05,0.11953,18.432,0.088021,-4.8958,19.072,1.7894e-05,2.3041e-11,12466,0,18.432,0,0.088021,-4.8958,1,-0.081735,0,-0.30504
0.46062,7,1.41e+07,1,5688,1.225,217.87,0.37528,0.023894,4322.1,1.5276e-05,136.55,222.94,-1.894e+06,-1.894e+06,0,13284,354.42,6.1281e-05,0.0069292,5.746e-05,0.12141,18.305,0.098217,-4.5161,18.855,1.7894e-05,2.3232e-11,13141,0,18.305,0,0.098217,-4.5161,1,-0.076399,0,-0.30642
0.47548,7,1.5101e+07,1,5688,1.225,212.03,0.37528,0.023894,4906.1,1.5316e-05,140.96,230.13,-2.0539e+06,-2.0539e+06,0,14099,352.99,6.3177e-05,0.0070348,5.9668e-05,0.12289,18.132,0.10962,-4.1362,18.599,1.7894e-05,2.3265e-11,13952,0,18.132,0,0.10962,-4.1362,1,-0.07104,0,-0.30771
0.49377,7,1.5608e+07,1,5688,1.225,204.95,0.37528,0.023894,5635.5,1.5355e-05,146.38,238.98,-2.1862e+06,-2.1862e+06,0,15043,351.33,6.5464e-05,0.0071614,6.2342e-05,0.12485,17.894,0.12708,-3.7496,18.285,1.7894e-05,2.3407e-11,14896,0,17.894,0,0.12708,-3.7496,1,-0.065659,0,-0.3089
0.51762,7,1.585e+07,1,5688,1.225,196,0.37528,0.023894,6467.1,1.5336e-05,153.45,250.53,-2.3522e+06,-2.3522e+06,0,16150,349.45,6.8146e-05,0.0073072,6.5542e-05,0.12726,17.56,0.14795,-3.3512,17.879,1.7894e-05,2.3691e-11,16003,0,17.56,0,0.14795,-3.3512,1,-0.060257,0,-0.31
0.54812,7,1.6004e+07,1,5688,1.225,184.89,0.37528,0.023894,7410.6,1.5225e-05,162.49,265.29,-2.653e+06,-2.653e+06,0,17526,347.38,7.121e-05,0.0074706,6.9287e-05,0.1298,17.108,0.16987,-2.9462,17.363,1.7894e-05,2.3968e-11,17373,0,17.108,0,0.16987,-2.9462,1,-0.054838,0,-0.311
0.58973,7,1.6056e+07,1,5688,1.225,170.22,0.37528,0.023894,8580.2,1.5075e-05,174.83,285.43,-2.9303e+06,-2.9303e+06,0,19266,345.05,7.4846e-05,0.0076604,7.3751e-05,0.13289,16.46,0.20041,-2.526,16.656,1.7894e-05,2.425e-11,19112,0,16.46,0,0.20041,-2.526,1,-0.049402,0,-0.31191
0.64527,7,1.6082e+07,1,5688,1.225,150.88,0.37528,0.023894,10642,1.5107e-05,191.29,312.31,-3.5414e+06,-3.5414e+06,0,21659,342.17,7.9388e-05,0.0078924,7.913e-05,0.13677,15.527,0.24829,-2.0882,15.675,1.7894e-05,2.4366e-11,21493,0,15.527,0,0.24829,-2.0882,1,-0.043951,0,-0.31273
0.72869,7,1.6101e+07,1,5688,1.225,122.84,0.37528,0.023894,13158,1.5659e-05,216.02,352.69,-4.4092e+06,-4.4092e+06,0,25511,338.86,8.4472e-05,0.0081482,8.4717e-05,0.14074,14.027,0.30386,-1.6151,14.13,1.7894e-05,2.3186e-11,25334,0,14.027,0,0.30386,-1.6151,1,-0.038486,0,-0.31345
0.84573,7,1.6117e+07,1,5688,1.225,82.364,0.37528,0.023894,17923,1.8363e-05,250.72,409.33,-5.4596e+06,-5.4596e+06,0,33132,333.08,9.1604e-05,0.008507,9.0923e-05,0.14674,11.452,0.38369,-1.0834,11.528,1.7894e-05,1.9851e-11,32963,0,11.452,0,0.38369,-1.0834,1,-0.03301,0,-0.31407
1.0225,7,1.6132e+07,1,5688,1.225,22.478,0.37528,0.023894,30259,2.9635e-05,303.13,494.91,-8.6307e+06,-8.6307e+06,0,56660,325.61,9.9845e-05,0.0089243,9.0377e-05,0.15317,5.5269,0.48222,-0.39566,5.6534,1.7894e-05,1.1009e-11,56507,0,5.5269,0,0.48222,-0.39566,1,-0.027524,0,-0.3146
1.6816,7,1.6131e+07,1,5688,1.225,24.789,0.37528,0.023894,-1.9049e+05,1.5662e-05,498.52,813.91,-3.1643e+08,-3.1643e+08,2.7877,1.8415e+05,523.31,4.088e-05,0.0057082,3.4124e-05,0.033314,8.091,0.64236,-0.15543,9.4156,1.7894e-05,6.6768e-13,1.8012e+05,1.7075,8.091,2.0038,0.64236,-0.15543,1,-0.022029,0,-0.31503
0,0,0,0,0,0,0,0,0,0,0,0,0,0,0,0,0,0,0,0,0,0,0,0,0,0,0,0,0,0,0,0,0,0,0,-0.016528,0,-0.31537
0,0,0,0,0,0,0,0,0,0,0,0,0,0,0,0,0,0,0,0,0,0,0,0,0,0,0,0,0,0,0,0,0,0,0,-0.011021,0,-0.31561
0,0,0,0,0,0,0,0,0,0,0,0,0,0,0,0,0,0,0,0,0,0,0,0,0,0,0,0,0,0,0,0,0,0,0,-0.0055115,0,-0.31575
0,0,0,0,0,0,0,0,0,0,0,0,0,0,0,0,0,0,0,0,0,0,0,0,0,0,0,0,0,0,0,0,0,0,0,1.9337e-17,0,-0.3158
0,0,0,0,0,0,0,0,0,0,0,0,0,0,0,0,0,0,0,0,0,0,0,0,0,0,0,0,0,0,0,0,0,0,0,0.0055115,0,-0.31575
0,0,0,0,0,0,0,0,0,0,0,0,0,0,0,0,0,0,0,0,0,0,0,0,0,0,0,0,0,0,0,0,0,0,0,0.011021,0,-0.31561
0,0,0,0,0,0,0,0,0,0,0,0,0,0,0,0,0,0,0,0,0,0,0,0,0,0,0,0,0,0,0,0,0,0,0,0.016528,0,-0.31537
-0.83146,7,1.6143e+07,1,5688,1.225,13.302,0.37528,0.023894,1.9731e+05,0.16069,-246.49,-402.43,-1.0526e+09,-1.0526e+09,4.499,1.9181e+05,-233.19,3.083,0.31798,0.0077502,2.2396,6.8076,-0.75309,0.16934,10.698,1.7894e-05,3.7779e-09,1.7751e+05,2.7557,6.8076,2.7848,-0.75309,0.16934,1,0.022029,0,-0.31503
-0.51728,7,1.6142e+07,1,5688,1.225,3.5627,0.37528,0.023894,-37739,2.9954,-153.35,-250.36,1.0941e+06,1.0941e+06,0,42325,-149.79,209.03,1.5185,0.47517,25.989,-1.5604,-0.91538,-0.033189,2.1985,1.7894e-05,1.0319e-06,42358,0,-1.5604,0,-0.91538,-0.033189,1,0.027524,0,-0.3146
-0.45665,7,1.6134e+07,1,5688,1.225,3.6337,0.37528,0.023894,-46147,3.9341,-135.37,-221.02,-2.7365e+06,-2.7365e+06,0,54033,-131.74,315.49,1.7737,0.79564,30.391,1.1235,-0.79275,0.19107,2.1403,1.7894e-05,1.779e-06,53981,0,1.1235,0,-0.79275,0.19107,1,0.03301,0,-0.31407
-0.43417,7,1.6117e+07,1,5688,1.225,6.813,0.37528,0.023894,-42918,5.2856,-128.71,-210.14,-7.7737e+05,-7.7737e+05,0,59861,-121.9,456.29,2.0413,0.97563,34.887,2.5984,-0.62044,0.34974,2.7962,1.7894e-05,2.1715e-06,59851,0,2.5984,0,-0.62044,0.34974,1,0.038486,0,-0.31345
-0.39965,7,1.6098e+07,1,5688,1.225,15.565,0.37528,0.023894,-60226,4.4489,-118.48,-193.43,-1.28e+06,-1.28e+06,0,52138,-102.91,428.15,1.9376,1.1914,33.229,4.5448,-0.80494,0.69258,4.695,1.7894e-05,2.333e-06,52116,0,4.5448,0,-0.80494,0.69258,1,0.043951,0,-0.31273
-0.39364,7,1.6081e+07,1,5688,1.225,24.448,0.37528,0.023894,-68081,4.6808,-116.69,-190.52,-1.8174e+06,-1.8174e+06,0,53085,-92.246,743.37,2.1443,2.2371,36.85,5.8795,-0.85231,0.96179,6.0335,1.7894e-05,4.1696e-06,53054,0,5.8795,0,-0.85231,0.96179,1,0.049402,0,-0.31191
-0.38637,7,1.6061e+07,1,5688,1.225,29.383,0.37528,0.023894,-73372,4.8544,-114.54,-187,-2.1116e+06,-2.1116e+06,0,52089,-85.156,1328.7,2.4289,4.0171,41.782,6.501,-0.9172,1.1618,6.6798,1.7894e-05,8.4456e-06,52051,0,6.501,0,-0.9172,1.1618,1,0.054838,0,-0.311
-0.3794,7,1.6029e+07,1,5688,1.225,31.076,0.37528,0.023894,-74023,4.5614,-112.47,-183.63,-1.9223e+06,-1.9223e+06,0,48857,-81.397,2199.4,2.6942,6.34,46.258,6.7055,-0.99154,1.304,6.9138,1.7894e-05,1.7236e-05,48820,0,6.7055,0,-0.99154,1.304,1,0.060257,0,-0.31
-0.37373,7,1.5988e+07,1,5688,1.225,30.013,0.37528,0.023894,-70999,3.7484,-110.79,-180.89,-2.0297e+06,-2.0297e+06,0,43582,-80.78,3088.3,2.8335,8.2991,48.589,6.592,-1.0927,1.3915,6.8354,1.7894e-05,3.1637e-05,43538,0,6.592,0,-1.0927,1.3915,1,0.065659,0,-0.3089
-0.36774,7,1.5868e+07,1,5688,1.225,27.222,0.37528,0.023894,-65075,2.7279,-109.02,-177.98,-1.8803e+06,-1.8803e+06,0,37304,-81.794,3510.5,2.7904,8.9529,47.914,6.2595,-1.2149,1.4323,6.5444,1.7894e-05,4.7959e-05,37256,0,6.2595,0,-1.2149,1.4323,1,0.07104,0,-0.30771
-0.36061,7,1.5611e+07,1,5688,1.225,24.649,0.37528,0.023894,-59073,2.0062,-106.9,-174.54,-1.5209e+06,-1.5209e+06,0,34313,-82.253,3344,2.6459,8.4966,45.547,5.9198,-1.2609,1.4735,6.238,1.7894e-05,5.3327e-05,34271,0,5.9198,0,-1.2609,1.4735,1,0.076399,0,-0.30642
-0.35381,7,1.5597e+07,1,5688,1.225,23.216,0.37528,0.023894,-53952,1.6402,-104.89,-171.24,-1.2046e+06,-1.2046e+06,0,32801,-81.671,3147.9,2.5481,8.0998,43.957,5.7235,-1.2275,1.5377,6.0599,1.7894e-05,5.4974e-05,32767,0,5.7235,0,-1.2275,1.5377,1,0.081735,0,-0.30504
-0.34775,7,1.5358e+07,1,5688,1.225,22.844,0.37528,0.023894,-50650,1.4759,-103.09,-168.31,-1.2665e+06,-1.2665e+06,0,32198,-80.247,3021.2,2.4973,7.8799,43.121,5.6614,-1.1732,1.6308,6.0141,1.7894e-05,5.5021e-05,32161,0,5.6614,0,-1.1732,1.6308,1,0.087046,0,-0.30357
-0.34283,7,1.5171e+07,1,5688,1.225,23.005,0.37528,0.023894,-49875,1.4021,-101.63,-165.93,-1.3333e+06,-1.3333e+06,0,31952,-78.627,2947.5,2.4741,7.7806,42.788,5.6603,-1.1482,1.7414,6.0388,1.7894e-05,5.4715e-05,31912,0,5.6603,0,-1.1482,1.7414,1,0.092331,0,-0.302
-0.33932,7,1.4792e+07,1,5688,1.225,23.373,0.37528,0.023894,-49857,1.3712,-100.59,-164.23,-1.2184e+06,-1.2184e+06,0,31558,-77.219,2904.8,2.4658,7.7496,42.825,5.6851,-1.1464,1.8568,6.0955,1.7894e-05,5.4844e-05,31521,0,5.6851,0,-1.1464,1.8568,1,0.097588,0,-0.30034
-0.33604,7,1.4789e+07,1,5688,1.225,23.632,0.37528,0.023894,-50166,1.3669,-99.618,-162.64,-1.2991e+06,-1.2991e+06,0,31507,-75.985,2909.7,2.4722,7.8012,43.037,5.6878,-1.1498,1.9667,6.1329,1.7894e-05,5.4975e-05,31467,0,5.6878,0,-1.1498,1.9667,1,0.10281,0,-0.29859
-0.33343,7,1.4424e+07,1,5688,1.225,23.854,0.37528,0.023894,-52132,1.3758,-98.844,-161.38,-1.1572e+06,-1.1572e+06,0,31574,-74.99,2935.4,2.4844,7.8833,43.285,5.6759,-1.1856,2.0729,6.1639,1.7894e-05,5.5084e-05,31539,0,5.6759,0,-1.1856,2.0729,1,0.10801,0,-0.29675
-0.32932,7,1.4776e+07,1,5688,1.225,23.203,0.37528,0.023894,-54259,1.4045,-97.628,-159.39,-1.1306e+06,-1.1306e+06,0,31774,-74.426,3029.4,2.5168,8.0975,43.98,5.5507,-1.2319,2.1335,6.0796,1.7894e-05,5.5983e-05,31741,0,5.5507,0,-1.2319,2.1335,1,0.11317,0,-0.29482
-0.32372,7,1.4237e+07,1,5688,1.225,21.825,0.37528,0.023894,-56240,1.4489,-95.967,-156.68,-1.2988e+06,-1.2988e+06,0,31866,-74.142,3152.6,2.556,8.3512,44.828,5.3271,-1.293,2.1539,5.8974,1.7894e-05,5.7363e-05,31827,0,5.3271,0,-1.293,2.1539,1,0.1183,0,-0.2928
-0.31653,7,1.4321e+07,1,5688,1.225,20.386,0.37528,0.023894,-59327,1.4938,-93.836,-153.2,-1.2102e+06,-1.2102e+06,0,31903,-73.45,3267.5,2.5886,8.5579,45.597,5.0766,-1.3716,2.1546,5.6928,1.7894e-05,5.9207e-05,31867,0,5.0766,0,-1.3716,2.1546,1,0.12339,0,-0.2907
-0.30885,7,1.4474e+07,1,5688,1.225,19.484,0.37528,0.023894,-62263,1.5164,-91.559,-149.48,-1.1615e+06,-1.1615e+06,0,31591,-72.075,3287.4,2.5912,8.5557,45.752,4.8896,-1.4703,2.1788,5.5635,1.7894e-05,6.0272e-05,31556,0,4.8896,0,-1.4703,2.1788,1,0.12845,0,-0.2885
-0.30243,7,1.4037e+07,1,5688,1.225,19.682,0.37528,0.023894,-64690,1.4934,-89.656,-146.38,-1.1444e+06,-1.1444e+06,0,30807,-69.974,3166.7,2.5566,8.3124,45.279,4.8514,-1.5688,2.2726,5.5956,1.7894e-05,6.0359e-05,30772,0,4.8514,0,-1.5688,2.2726,1,0.13346,0,-0.28621
-0.29943,7,1.3988e+07,1,5688,1.225,21.541,0.37528,0.023894,-68208,1.4375,-88.765,-144.92,-1.1369e+06,-1.1369e+06,0,29808,-67.225,2945.2,2.4948,7.8997,44.313,5.03,-1.682,2.4704,5.864,1.7894e-05,5.934e-05,29771,0,5.03,0,-1.682,2.4704,1,0.13844,0,-0.28384
-0.30203,7,1.3559e+07,1,5688,1.225,25.166,0.37528,0.023894,-72007,1.3748,-89.537,-146.18,-1.1625e+06,-1.1625e+06,0,28708,-64.372,2671.1,2.421,7.4181,43.174,5.4076,-1.794,2.7802,6.3513,1.7894e-05,5.7441e-05,28669,0,5.4076,0,-1.794,2.7802,1,0.14337,0,-0.28138
-0.3113,7,1.3554e+07,1,5688,1.225,30.632,0.37528,0.023894,-76166,1.3153,-92.285,-150.67,-1.3262e+06,-1.3262e+06,0,27616,-61.653,2383.4,2.3416,6.91,41.922,5.9473,-1.8934,3.1941,7.0212,1.7894e-05,5.486e-05,27570,0,5.9473,0,-1.8934,3.1941,1,0.14826,0,-0.27883
-0.32663,7,1.3745e+07,1,5688,1.225,37.666,0.37528,0.023894,-81343,1.2621,-96.831,-158.09,-1.2779e+06,-1.2779e+06,0,26600,-59.164,2116.5,2.2668,6.4459,40.858,6.5694,-2.0033,3.6727,7.797,1.7894e-05,5.2297e-05,26553,0,6.5694,0,-2.0033,3.6727,1,0.1531,0,-0.2762
-0.34526,7,1.3686e+07,1,5688,1.225,45.491,0.37528,0.023894,-87108,1.2183,-102.35,-167.11,-1.3895e+06,-1.3895e+06,0,25929,-56.862,1894.5,2.2001,6.0428,39.802,7.1834,-2.0992,4.1773,8.5782,1.7894e-05,4.931e-05,25877,0,7.1834,0,-2.0992,4.1773,1,0.1579,0,-0.27349
-0.36351,7,1.3444e+07,1,5688,1.225,53.171,0.37528,0.023894,-93461,1.1711,-107.76,-175.94,-1.4702e+06,-1.4702e+06,0,25494,-54.592,1715.1,2.143,5.7177,38.903,7.7128,-2.1948,4.6588,9.281,1.7894e-05,4.6552e-05,25438,0,7.7128,0,-2.1948,4.6588,1,0.16265,0,-0.27069
-0.37989,7,1.3465e+07,1,5688,1.225,59.917,0.37528,0.023894,-99484,1.1277,-112.62,-183.87,-1.5042e+06,-1.5042e+06,0,25188,-52.702,1578.3,2.0996,5.4854,38.325,8.1147,-2.286,5.0928,9.8562,1.7894e-05,4.4424e-05,25129,0,8.1147,0,-2.286,5.0928,1,0.16735,0,-0.26781
-0.39554,7,1.3065e+07,1,5688,1.225,66.143,0.37528,0.023894,-1.0597e+05,1.0856,-117.26,-191.44,-1.5767e+06,-1.5767e+06,0,24988,-51.116,1470.9,2.0651,5.312,37.866,8.4406,-2.38,5.5004,10.359,1.7894e-05,4.2601e-05,24926,0,8.4406,0,-2.38,5.5004,1,0.172,0,-0.26485
-0.41207,7,1.2843e+07,1,5688,1.225,72.122,0.37528,0.023894,-1.1197e+05,1.0504,-122.16,-199.44,-1.5997e+06,-1.5997e+06,0,24727,-50.037,1382.5,2.0386,5.1843,37.564,8.7185,-2.4724,5.8983,10.82,1.7894e-05,4.1132e-05,24664,0,8.7185,0,-2.4724,5.8983,1,0.17659,0,-0.26181
-0.43005,7,1.3104e+07,1,5688,1.225,78.144,0.37528,0.023894,-1.1756e+05,1.016,-127.49,-208.14,-1.5939e+06,-1.5939e+06,0,24406,-49.344,1304.8,2.0149,5.0752,37.281,8.972,-2.5587,6.3011,11.265,1.7894e-05,3.9849e-05,24342,0,8.972,0,-2.5587,6.3011,1,0.18114,0,-0.25869
-0.45058,7,1.2726e+07,1,5688,1.225,84.331,0.37528,0.023894,-1.2126e+05,0.98238,-133.57,-218.08,-1.579e+06,-1.579e+06,0,23959,-49.244,1235.4,1.9963,4.9973,37.18,9.2162,-2.6218,6.7108,11.705,1.7894e-05,3.8986e-05,23895,0,9.2162,0,-2.6218,6.7108,1,0.18562,0,-0.25549
-0.47113,7,1.2744e+07,1,5688,1.225,90.393,0.37528,0.023894,-1.2251e+05,0.94478,-139.67,-228.03,-1.7154e+06,-1.7154e+06,0,23491,-49.275,1172.8,1.98,4.9383,37.093,9.4387,-2.6332,7.122,12.12,1.7894e-05,3.8222e-05,23419,0,9.4387,0,-2.6332,7.122,1,0.19005,0,-0.25221
-0.49216,7,1.2719e+07,1,5688,1.225,96.3,0.37528,0.023894,-1.2107e+05,0.90608,-145.9,-238.2,-1.6797e+06,-1.6797e+06,0,22925,-49.6,1114.4,1.965,4.889,37.036,9.6341,-2.6026,7.5373,12.512,1.7894e-05,3.7635e-05,22853,0,9.6341,0,-2.6026,7.5373,1,0.19443,0,-0.24885
-0.5163,7,1.3016e+07,1,5688,1.225,102.86,0.37528,0.023894,-1.1805e+05,0.86705,-153.06,-249.89,-1.6374e+06,-1.6374e+06,0,22308,-50.195,1059.5,1.9519,4.8526,36.996,9.8464,-2.5526,7.9791,12.933,1.7894e-05,3.7089e-05,22236,0,9.8464,0,-2.5526,7.9791,1,0.19874,0,-0.24542
-0.54189,7,1.3139e+07,1,5688,1.225,109.62,0.37528,0.023894,-1.1407e+05,0.82722,-160.64,-262.28,-1.7285e+06,-1.7285e+06,0,21647,-51.028,1011.4,1.9441,4.8479,37.069,10.043,-2.506,8.4287,13.353,1.7894e-05,3.6686e-05,21569,0,10.043,0,-2.506,8.4287,1,0.20299,0,-0.24192
-0.56767,7,1.3352e+07,1,5688,1.225,116.44,0.37528,0.023894,-1.096e+05,0.7854,-168.29,-274.75,-1.7272e+06,-1.7272e+06,0,20994,-51.844,967.79,1.9378,4.855,37.139,10.22,-2.4606,8.88,13.765,1.7894e-05,3.6308e-05,20912,0,10.22,0,-2.4606,8.88,1,0.20718,0,-0.23834
-0.59255,7,1.3009e+07,1,5688,1.225,123.03,0.37528,0.023894,-1.0513e+05,0.7422,-175.66,-286.8,-1.6463e+06,-1.6463e+06,0,20362,-52.628,929.39,1.9343,4.8795,37.23,10.364,-2.4158,9.3223,14.151,1.7894e-05,3.5923e-05,20282,0,10.364,0,-2.4158,9.3223,1,0.21131,0,-0.23469
-0.61414,7,1.346e+07,1,5688,1.225,128.71,0.37528,0.023894,-1.0104e+05,0.6984,-182.06,-297.25,-1.7633e+06,-1.7633e+06,0,19766,-53.352,898.86,1.9343,4.9254,37.459,10.452,-2.3729,9.7241,14.475,1.7894e-05,3.5845e-05,19677,0,10.452,0,-2.3729,9.7241,1,0.21538,0,-0.23096
-0.63347,7,1.3453e+07,1,5688,1.225,133.57,0.37528,0.023894,-96657,0.65531,-187.79,-306.6,-1.8366e+06,-1.8366e+06,0,19256,-54.225,871.55,1.9317,4.9547,37.594,10.491,-2.3168,10.097,14.747,1.7894e-05,3.5734e-05,19161,0,10.491,0,-2.3168,10.097,1,0.21937,0,-0.22717
-0.65239,7,1.2985e+07,1,5688,1.225,137.98,0.37528,0.023894,-91893,0.61567,-193.4,-315.76,-1.8709e+06,-1.8709e+06,0,18747,-55.421,848.14,1.9282,4.9751,37.775,10.498,-2.2724,10.45,14.989,1.7894e-05,3.5937e-05,18646,0,10.498,0,-2.2724,10.45,1,0.2233,0,-0.2233
-0.6697,7,1.2505e+07,1,5688,1.225,142.14,0.37528,0.023894,-88624,0.57746,-198.53,-324.14,-2.0053e+06,-2.0053e+06,0,18301,-56.391,824.85,1.9178,4.954,37.695,10.475,-2.2908,10.79,15.215,1.7894e-05,3.6014e-05,18190,0,10.475,0,-2.2908,10.79,1,0.22717,0,-0.21937
-0.68168,7,1.2096e+07,1,5688,1.225,144.89,0.37528,0.023894,-89398,0.54339,-202.08,-329.93,-2.0936e+06,-2.0936e+06,0,17892,-57.191,808.2,1.9075,4.9299,37.748,10.381,-2.4146,11.059,15.362,1.7894e-05,3.6548e-05,17772,0,10.381,0,-2.4146,11.059,1,0.23096,0,-0.21538
-0.68441,7,1.1549e+07,1,5688,1.225,145.38,0.37528,0.023894,-98623,0.51775,-202.89,-331.25,-2.1038e+06,-2.1038e+06,0,17785,-57.517,811.79,1.9063,4.9522,37.996,10.188,-2.6344,11.221,15.387,1.7894e-05,3.7358e-05,17663,0,10.188,0,-2.6344,11.221,1,0.23469,0,-0.21131
-0.67365,7,1.151e+07,1,5688,1.225,142.67,0.37528,0.023894,-1.1941e+05,0.52077,-199.7,-326.05,-2.4201e+06,-2.4201e+06,0,18208,-57.035,845.9,1.9212,5.0355,38.459,9.868,-2.9437,11.231,15.243,1.7894e-05,3.8207e-05,18071,0,9.868,0,-2.9437,11.231,1,0.23834,0,-0.20718
-0.64843,7,1.15e+07,1,5688,1.225,135.57,0.37528,0.023894,-1.4505e+05,0.56291,-192.23,-313.84,-2.4488e+06,-2.4488e+06,0,18674,-56.658,883.91,1.9247,5.0118,38.717,9.3683,-3.3249,11.03,14.856,1.7894e-05,3.9539e-05,18539,0,9.3683,0,-3.3249,11.03,1,0.24192,0,-0.20299
-0.61004,7,1.1016e+07,1,5688,1.225,124.09,0.37528,0.023894,-1.6603e+05,0.62654,-180.85,-295.26,-1.9423e+06,-1.9423e+06,0,18716,-56.759,913.61,1.9001,4.8044,38.417,8.675,-3.7694,10.587,14.207,1.7894e-05,4.2096e-05,18611,0,8.675,0,-3.7694,10.587,1,0.24542,0,-0.19874
-0.55768,7,1.0898e+07,1,5688,1.225,112.13,0.37528,0.023894,-1.7393e+05,0.63597,-165.32,-269.92,-1.4677e+06,-1.4677e+06,0,18174,-53.189,892.3,1.8369,4.4329,37.227,7.9377,-4.1805,10.07,13.501,1.7894e-05,4.4333e-05,18094,0,7.9377,0,-4.1805,10.07,1,0.24885,0,-0.19443
-0.49561,7,1.1001e+07,1,5688,1.225,101.7,0.37528,0.023894,-1.7488e+05,0.61886,-146.92,-239.87,-1.123e+06,-1.123e+06,0,17649,-45.224,858.65,1.7782,4.1274,36.24,7.2629,-4.4951,9.585,12.856,1.7894e-05,4.5848e-05,17587,0,7.2629,0,-4.4951,9.585,1,0.25221,0,-0.19005
-0.42694,7,1.0174e+07,1,5688,1.225,92.755,0.37528,0.023894,-1.7522e+05,0.59804,-126.57,-206.64,-9.9035e+05,-9.9035e+05,0,17736,-33.812,833.04,1.7399,3.9444,35.609,6.6703,-4.7012,9.1562,12.285,1.7894e-05,4.5727e-05,17682,0,6.6703,0,-4.7012,9.1562,1,0.25549,0,-0.18562
-0.35746,7,1.0527e+07,1,5688,1.225,83.921,0.37528,0.023894,-1.7255e+05,0.59349,-105.97,-173.01,-8.5544e+05,-8.5544e+05,0,18266,-22.048,832.39,1.7388,3.943,35.853,6.1091,-4.7441,8.7262,11.684,1.7894e-05,4.5213e-05,18221,0,6.1091,0,-4.7441,8.7262,1,0.25869,0,-0.18114
-0.29268,7,1.0086e+07,1,5688,1.225,75.252,0.37528,0.023894,-1.6852e+05,0.61602,-86.765,-141.66,-9.7257e+05,-9.7257e+05,0,19526,-11.514,875.66,1.7789,4.1319,36.818,5.6041,-4.6065,8.321,11.064,1.7894e-05,4.4274e-05,19478,0,5.6041,0,-4.6065,8.321,1,0.26181,0,-0.17659
-0.23484,7,1.0083e+07,1,5688,1.225,65.597,0.37528,0.023894,-1.5951e+05,0.68724,-69.62,-113.66,-9.9874e+05,-9.9874e+05,0,21135,-4.023,977.62,1.8604,4.5056,38.711,5.0874,-4.3124,7.8432,10.323,1.7894e-05,4.4743e-05,21090,0,5.0874,0,-4.3124,7.8432,1,0.26485,0,-0.172
-0.18422,7,1.0497e+07,1,5688,1.225,55.77,0.37528,0.023894,-1.4875e+05,0.81912,-54.611,-89.16,-1.0195e+06,-1.0195e+06,0,22741,1.1591,1154.2,1.9727,5.0192,41.305,4.561,-3.9765,7.293,9.5065,1.7894e-05,4.7484e-05,22698,0,4.561,0,-3.9765,7.293,1,0.26781,0,-0.16735
-0.13698,7,1.0489e+07,1,5688,1.225,46.701,0.37528,0.023894,-1.4296e+05,1.0067,-40.609,-66.3,-9.186e+05,-9.186e+05,0,24077,6.0927,1424.3,2.1099,5.6717,44.361,4.0235,-3.7769,6.6632,8.6882,1.7894e-05,5.2789e-05,24041,0,4.0235,0,-3.7769,6.6632,1,0.27069,0,-0.16265
-0.086493,7,1.0481e+07,1,5688,1.225,38.971,0.37528,0.023894,-1.512e+05,1.2585,-25.641,-41.863,-8.2918e+05,-8.2918e+05,0,25179,13.33,1851.9,2.2869,6.5881,48.319,3.425,-3.9988,5.8632,7.935,1.7894e-05,6.1656e-05,25149,0,3.425,0,-3.9988,5.8632,1,0.27349,0,-0.1579
-0.026167,7,9.9274e+06,1,5688,1.225,35.188,0.37528,0.023894,-1.7724e+05,1.5927,-7.7572,-12.665,-4.9258e+05,-4.9258e+05,0,25989,27.431,2497.3,2.5013,7.795,53.066,2.7357,-4.9913,4.8389,7.5599,1.7894e-05,7.4458e-05,25975,0,2.7357,0,-4.9913,4.8389,1,0.2762,0,-0.1531
0.046833,7,9.3464e+06,1,5688,1.225,41.42,0.37528,0.023894,-2.01e+05,1.7992,13.884,22.667,-2.7668e+05,-2.7668e+05,0,25001,55.304,2969,2.6084,8.4138,55.579,2.0898,-6.8309,3.8794,8.2207,1.7894e-05,8.7576e-05,24994,0,2.0898,0,-6.8309,3.8794,1,0.27883,0,-0.14826
0.11395,7,8.8787e+06,1,5688,1.225,55.334,0.37528,0.023894,-2.0469e+05,1.5117,33.779,55.15,-1.9388e+05,-1.9388e+05,0,22065,89.113,2610.1,2.4484,7.4961,52.39,1.9308,-8.4015,3.8536,9.5027,1.7894e-05,9.0599e-05,22059,0,1.9308,0,-8.4015,3.8536,1,0.28138,0,-0.14337
0.14869,7,9.3195e+06,1,5688,1.225,68.169,0.37528,0.023894,-2.0461e+05,1.1615,44.079,71.965,-4.2171e+05,-4.2171e+05,0,19601,112.25,1993.8,2.2194,6.2417,47.685,2.3117,-9.0006,4.9005,10.549,1.7894e-05,8.4237e-05,19580,0,2.3117,0,-9.0006,4.9005,1,0.28384,0,-0.13844
0.14092,7,9.4408e+06,1,5688,1.225,81.319,0.37528,0.023894,-2.0402e+05,1.0196,41.776,68.206,-6.0162e+05,-6.0162e+05,0,17883,123.1,1565.6,2.0758,5.4512,44.974,2.9402,-8.9973,6.5101,11.521,1.7894e-05,7.6838e-05,17849,0,2.9402,0,-8.9973,6.5101,1,0.28621,0,-0.13346
0.10353,7,9.2322e+06,1,5688,1.225,94.874,0.37528,0.023894,-1.988e+05,0.99225,30.691,50.108,-7.0527e+05,-7.0527e+05,0,16634,125.57,1344.8,2.0332,5.2099,44.427,3.5383,-8.6698,8.1574,12.443,1.7894e-05,7.2332e-05,16590,0,3.5383,0,-8.6698,8.1574,1,0.2885,0,-0.12845
0.055993,7,9.0769e+06,1,5688,1.225,106.5,0.37528,0.023894,-1.8842e+05,0.98395,16.599,27.101,-7.9777e+05,-7.9777e+05,0,15699,123.1,1214,2.0304,5.1997,44.834,3.9776,-8.1421,9.5485,13.182,1.7894e-05,6.924e-05,15646,0,3.9776,0,-8.1421,9.5485,1,0.2907,0,-0.12339
0.012141,7,9.4432e+06,1,5688,1.225,114.89,0.37528,0.023894,-1.8008e+05,0.97682,3.5993,5.8765,-8.6592e+05,-8.6592e+05,0,15303,118.49,1125.1,2.0351,5.2363,45.264,4.2231,-7.5379,10.601,13.691,1.7894e-05,6.5298e-05,15246,0,4.2231,0,-7.5379,10.601,1,0.2928,0,-0.1183
-0.022607,7,9.6171e+06,1,5688,1.225,119.52,0.37528,0.023894,-1.7363e+05,0.97023,-6.7018,-10.942,-9.3649e+05,-9.3649e+05,0,15313,112.82,1059.8,2.0365,5.252,45.634,4.2962,-6.9437,11.311,13.963,1.7894e-05,6.1259e-05,15252,0,4.2962,0,-6.9437,11.311,1,0.29482,0,-0.11317
-0.048942,7,9.3462e+06,1,5688,1.225,120.77,0.37528,0.023894,-1.6895e+05,0.97176,-14.509,-23.688,-1.0497e+06,-1.0497e+06,0,15692,106.26,1031.4,2.0495,5.3315,46.162,4.2377,-6.3903,11.741,14.034,1.7894e-05,5.7787e-05,15625,0,4.2377,0,-6.3903,11.741,1,0.29675,0,-0.10801
-0.06991,7,9.1477e+06,1,5688,1.225,118.9,0.37528,0.023894,-1.6153e+05,0.9899,-20.725,-33.836,-1.0361e+06,-1.0361e+06,0,16119,98.18,1048.2,2.0934,5.5878,47.569,4.0808,-5.8925,11.926,13.924,1.7894e-05,5.6291e-05,16055,0,4.0808,0,-5.8925,11.926,1,0.29859,0,-0.10281
-0.085898,7,8.7613e+06,1,5688,1.225,114.06,0.37528,0.023894,-1.5319e+05,1.0234,-25.465,-41.575,-1.0766e+06,-1.0766e+06,0,16853,88.595,1114.8,2.1614,5.989,49.424,3.8514,-5.4116,11.898,13.635,1.7894e-05,5.6027e-05,16790,0,3.8514,0,-5.4116,11.898,1,0.30034,0,-0.097588
-0.097885,7,9.109e+06,1,5688,1.225,105.99,0.37528,0.023894,-1.419e+05,1.0827,-29.018,-47.376,-1.179e+06,-1.179e+06,0,17814,76.968,1234.3,2.2524,6.5331,51.779,3.5542,-4.9207,11.645,13.14,1.7894e-05,5.7135e-05,17748,0,3.5542,0,-4.9207,11.645,1,0.302,0,-0.092331
-0.10757,7,9.4798e+06,1,5688,1.225,94.994,0.37528,0.023894,-1.265e+05,1.1765,-31.89,-52.065,-1.3855e+06,-1.3855e+06,0,18854,63.105,1395.4,2.3492,7.1068,54.297,3.2094,-4.394,11.174,12.436,1.7894e-05,5.9556e-05,18782,0,3.2094,0,-4.394,11.174,1,0.30357,0,-0.087046
-0.11465,7,9.2619e+06,1,5688,1.225,82.367,0.37528,0.023894,-1.0728e+05,1.2927,-33.989,-55.492,-1.3135e+06,-1.3135e+06,0,19652,48.378,1565.7,2.4248,7.5305,56.338,2.8387,-3.8265,10.543,11.575,1.7894e-05,6.3139e-05,19586,0,2.8387,0,-3.8265,10.543,1,0.30504,0,-0.081735
-0.12259,7,9.2579e+06,1,5688,1.225,69.537,0.37528,0.023894,-82949,1.4114,-36.341,-59.332,-1.3049e+06,-1.3049e+06,0,19965,33.196,1726.8,2.4771,7.7945,57.951,2.4712,-3.195,9.8302,10.632,1.7894e-05,6.7977e-05,19900,0,2.4712,0,-3.195,9.8302,1,0.30642,0,-0.076399
-0.13038,7,9.142e+06,1,5688,1.225,58.04,0.37528,0.023894,-59242,1.4917,-38.652,-63.105,-1.1713e+06,-1.1713e+06,0,20086,19.388,1873.9,2.5093,7.9544,58.948,2.1306,-2.5027,9.1314,9.7077,1.7894e-05,7.3295e-05,20028,0,2.1306,0,-2.5027,9.1314,1,0.30771,0,-0.07104
-0.13812,7,9.4433e+06,1,5688,1.225,47.987,0.37528,0.023894,-36298,1.5239,-40.945,-66.849,-1.1493e+06,-1.1493e+06,0,20040,7.0427,2011.7,2.5331,8.1017,59.886,1.8182,-1.7846,8.4401,8.8179,1.7894e-05,7.9607e-05,19984,0,1.8182,0,-1.7846,8.4401,1,0.3089,0,-0.065659
-0.14622,7,9.1846e+06,1,5688,1.225,39.807,0.37528,0.023894,-15296,1.5223,-43.347,-70.771,-1.1358e+06,-1.1358e+06,0,19972,-3.5398,2155.6,2.5621,8.3243,60.836,1.5426,-1.0533,7.8014,8.0225,1.7894e-05,8.5754e-05,19916,0,1.5426,0,-1.0533,7.8014,1,0.31,0,-0.060257
-0.155,7,9.5044e+06,1,5688,1.225,33.08,0.37528,0.023894,926.22,1.5199,-45.951,-75.021,-1.0436e+06,-1.0436e+06,0,19942,-12.87,2329.1,2.6078,8.6816,62.309,1.2942,-0.38192,7.1768,7.3029,1.7894e-05,9.2711e-05,19891,0,1.2942,0,-0.38192,7.1768,1,0.311,0,-0.054838
-0.16468,7,9.89e+06,1,5688,1.225,27.02,0.37528,0.023894,12077,1.5661,-48.821,-79.707,-8.6832e+05,-8.6832e+05,0,20195,-21.801,2589.4,2.6902,9.29,64.652,1.0614,0.15673,6.4985,6.5872,1.7894e-05,0.00010024,20153,0,1.0614,0,0.15673,6.4985,1,0.31191,0,-0.049402
-0.1759,7,9.5193e+06,1,5688,1.225,21.136,0.37528,0.023894,19239,1.6741,-52.147,-85.137,-7.894e+05,-7.894e+05,0,20491,-31.011,2942.7,2.7993,10.08,67.707,0.83504,0.55858,5.7182,5.808,1.7894e-05,0.00010961,20454,0,0.83504,0,0.55858,5.7182,1,0.31273,0,-0.043951
-0.18854,7,9.4761e+06,1,5688,1.225,15.102,0.37528,0.023894,23116,1.85,-55.891,-91.251,-7.1025e+05,-7.1025e+05,0,20938,-40.789,3394.3,2.9197,10.937,71.042,0.62567,0.8093,4.7672,4.8812,1.7894e-05,0.00012028,20905,0,0.62567,0,0.8093,4.7672,1,0.31345,0,-0.038486
-0.20303,7,9.4707e+06,1,5688,1.225,9.7656,0.37528,0.023894,24816,2.0249,-60.189,-98.268,-5.5077e+05,-5.5077e+05,0,21187,-50.423,3873.9,3.0251,11.703,73.914,0.43669,0.96432,3.7274,3.8883,1.7894e-05,0.00013185,21162,0,0.43669,0,0.96432,3.7274,1,0.31407,0,-0.03301
-0.21776,7,9.2115e+06,1,5688,1.225,5.4006,0.37528,0.023894,25488,2.1579,-64.556,-105.4,-5.4444e+05,-5.4444e+05,0,21090,-59.156,4320.1,3.1054,12.309,76.213,0.26593,1.0656,2.5791,2.8465,1.7894e-05,0.00014442,21065,0,0.26593,0,1.0656,2.5791,1,0.3146,0,-0.027524
-0.23457,7,9.0379e+06,1,5688,1.225,2.8282,0.37528,0.023894,25195,2.1787,-69.539,-113.53,-2.0887e+05,-2.0887e+05,0,20696,-66.711,4657.1,3.1455,12.664,77.668,0.14941,1.1434,1.5238,2.044,1.7894e-05,0.00015745,20687,0,0.14941,0,1.1434,1.5238,1,0.31503,0,-0.022029
-0.25049,7,9.4464e+06,1,5688,1.225,1.6067,0.37528,0.023894,24988,2.1715,-74.257,-121.24,-1.3399e+05,-1.3399e+05,0,20462,-72.65,4955.6,3.1791,12.992,78.914,0.061612,1.2006,0.44231,1.5837,1.7894e-05,0.00016828,20457,0,0.061612,0,1.2006,0.44231,1,0.31537,0,-0.016528
-0.26576,7,9.0542e+06,1,5688,1.225,1.7009,0.37528,0.023894,24512,2.1197,-78.785,-128.63,-2.4775e+05,-2.4775e+05,0,20064,-77.084,5188.9,3.1984,13.23,79.845,0.022166,1.243,-0.4989,1.6207,1.7894e-05,0.00017946,20053,0,0.022166,0,1.243,-0.4989,1,0.31561,0,-0.011021
-0.28018,7,9.0139e+06,1,5688,1.225,2.6296,0.37528,0.023894,23360,2.0541,-83.061,-135.61,1.4987e+05,1.4987e+05,0,19761,-80.431,5347.9,3.2098,13.406,80.522,0.004528,1.2383,-1.3322,1.9505,1.7894e-05,0.00018773,19771,0,0.004528,0,1.2383,-1.3322,1,0.31575,0,-0.0055115
-0.29342,7,9.1952e+06,1,5688,1.225,4.3632,0.37528,0.023894,22808,2.011,-86.984,-142.01,1.7052e+05,1.7052e+05,0,19595,-82.62,5526.3,3.2294,13.64,81.534,0.025621,1.2444,-2.1366,2.5254,1.7894e-05,0.00019567,19605,0,0.025621,0,1.2444,-2.1366,1,0.3158,0,0
-0.30584,7,9.5198e+06,1,5688,1.225,6.2938,0.37528,0.023894,21781,1.9591,-90.666,-148.03,2.8317e+05,2.8317e+05,0,19415,-84.372,5640.5,3.2391,13.788,82.147,0.067473,1.2227,-2.7857,3.0686,1.7894e-05,0.00020166,19432,0,0.067473,0,1.2227,-2.7857,1,0.31575,0,0.0055115
-0.31678,7,9.6239e+06,1,5688,1.225,8.5261,0.37528,0.023894,20559,1.9334,-93.908,-153.32,3.3762e+05,3.3762e+05,0,19266,-85.382,5780,3.2537,13.957,83.021,0.13809,1.1779,-3.388,3.6037,1.7894e-05,0.00020875,19285,0,0.13809,0,1.1779,-3.388,1,0.31561,0,0.011021
-0.32619,7,9.7402e+06,1,5688,1.225,11.011,0.37528,0.023894,19686,1.8931,-96.698,-157.87,4.3808e+05,4.3808e+05,0,19110,-85.687,5860.5,3.2615,14.075,83.699,0.22237,1.1394,-3.9476,4.1234,1.7894e-05,0.00021394,19134,0,0.22237,0,1.1394,-3.9476,1,0.31537,0,0.016528
-0.33391,7,9.3631e+06,1,5688,1.225,13.472,0.37528,0.023894,18559,1.857,-98.989,-161.61,4.1572e+05,4.1572e+05,0,18938,-85.517,5942.9,3.2727,14.221,84.385,0.31803,1.0854,-4.435,4.5827,1.7894e-05,0.00021912,18961,0,0.31803,0,1.0854,-4.435,1,0.31503,0,0.022029
-0.34078,7,9.368e+06,1,5688,1.225,16.005,0.37528,0.023894,17134,1.8424,-101.02,-164.94,5.4604e+05,5.4604e+05,0,18760,-85.02,6010.1,3.2796,14.304,85.057,0.43345,1.0197,-4.8835,5.0115,1.7894e-05,0.00022451,18790,0,0.43345,0,1.0197,-4.8835,1,0.3146,0,0.027524
-0.34629,7,9.7557e+06,1,5688,1.225,18.5,0.37528,0.023894,15817,1.8106,-102.66,-167.61,5.0614e+05,5.0614e+05,0,18645,-84.158,6030.1,3.2838,14.378,85.733,0.55221,0.94503,-5.2857,5.4006,1.7894e-05,0.00022765,18674,0,0.55221,0,0.94503,-5.2857,1,0.31407,0,0.03301
-0.35068,7,9.7511e+06,1,5688,1.225,20.776,0.37528,0.023894,14064,1.7961,-103.96,-169.73,5.956e+05,5.956e+05,0,18402,-83.184,6054.5,3.2842,14.398,86.293,0.68517,0.86351,-5.6248,5.7338,1.7894e-05,0.00023312,18436,0,0.68517,0,0.86351,-5.6248,1,0.31345,0,0.038486
-0.35406,7,9.7422e+06,1,5688,1.225,23.021,0.37528,0.023894,13129,1.767,-104.96,-171.37,6.9123e+05,6.9123e+05,0,18383,-81.941,6067.6,3.286,14.445,86.577,0.82105,0.79592,-5.9335,6.0441,1.7894e-05,0.00023406,18423,0,0.82105,0,0.79592,-5.9335,1,0.31273,0,0.043951
-0.35617,7,1.0122e+07,1,5688,1.225,25.034,0.37528,0.023894,11713,1.7339,-105.59,-172.39,6.7951e+05,6.7951e+05,0,18272,-80.552,6021.3,3.2783,14.404,86.79,0.96194,0.71861,-6.1932,6.3097,1.7894e-05,0.00023531,18310,0,0.96194,0,0.71861,-6.1932,1,0.31191,0,0.049402
-0.35687,7,9.7267e+06,1,5688,1.225,26.512,0.37528,0.023894,10536,1.7036,-105.79,-172.73,6.4405e+05,6.4405e+05,0,18073,-79.283,5975.1,3.2715,14.367,87.109,1.0984,0.65126,-6.3707,6.4985,1.7894e-05,0.00023791,18110,0,1.0984,0,0.65126,-6.3707,1,0.311,0,0.054838
-0.35652,7,9.3344e+06,1,5688,1.225,27.665,0.37528,0.023894,9284.9,1.667,-105.69,-172.56,6.3781e+05,6.3781e+05,0,17831,-78.025,5874.6,3.2561,14.253,87.278,1.2311,0.57736,-6.501,6.6425,1.7894e-05,0.00023957,17868,0,1.2311,0,0.57736,-6.501,1,0.31,0,0.060257
-0.35477,7,9.713e+06,1,5688,1.225,28.768,0.37528,0.023894,8098.8,1.6346,-105.17,-171.71,7.0158e+05,7.0158e+05,0,17720,-76.403,5800.6,3.2408,14.138,87.164,1.3719,0.50685,-6.6165,6.7771,1.7894e-05,0.00024001,17761,0,1.3719,0,0.50685,-6.6165,1,0.3089,0,0.065659
-0.35136,7,9.2912e+06,1,5688,1.225,29.7,0.37528,0.023894,6956.6,1.5908,-104.16,-170.06,5.9661e+05,5.9661e+05,0,17465,-74.462,5673.7,3.2223,14.002,87.262,1.5042,0.44454,-6.7078,6.8896,1.7894e-05,0.00024098,17500,0,1.5042,0,0.44454,-6.7078,1,0.30771,0,0.07104
-0.34699,7,9.5275e+06,1,5688,1.225,29.826,0.37528,0.023894,6072.5,1.554,-102.86,-167.94,7.2223e+05,7.2223e+05,0,17298,-73.039,5550.6,3.2002,13.826,86.952,1.6209,0.38767,-6.7004,6.9055,1.7894e-05,0.00024032,17341,0,1.6209,0,0.38767,-6.7004,1,0.30642,0,0.076399
-0.34056,7,9.3343e+06,1,5688,1.225,30.008,0.37528,0.023894,5215.5,1.5133,-100.96,-164.83,5.6429e+05,5.6429e+05,0,17054,-70.952,5394.4,3.1752,13.628,86.781,1.7373,0.33569,-6.6978,6.9286,1.7894e-05,0.00023992,17088,0,1.7373,0,0.33569,-6.6978,1,0.30504,0,0.081735
-0.33297,7,9.365e+06,1,5688,1.225,29.672,0.37528,0.023894,4280.6,1.4671,-98.709,-161.16,4.17e+05,4.17e+05,0,16743,-69.038,5202.7,3.1449,13.387,86.467,1.8327,0.28282,-6.6358,6.8911,1.7894e-05,0.00023894,16769,0,1.8327,0,0.28282,-6.6358,1,0.30357,0,0.087046
-0.32439,7,9.2633e+06,1,5688,1.225,28.894,0.37528,0.023894,3640.7,1.4289,-96.165,-157,5.6821e+05,5.6821e+05,0,16544,-67.271,5052.6,3.1182,13.174,86.137,1.92,0.23983,-6.5173,6.7998,1.7894e-05,0.00023793,16579,0,1.92,0,0.23983,-6.5173,1,0.302,0,0.092331
-0.31475,7,8.8312e+06,1,5688,1.225,27.653,0.37528,0.023894,2938.5,1.3937,-93.308,-152.34,6.3842e+05,6.3842e+05,0,16259,-65.655,4872.1,3.085,12.9,85.684,1.9849,0.19881,-6.3443,6.6515,1.7894e-05,0.00023692,16299,0,1.9849,0,0.19881,-6.3443,1,0.30034,0,0.097588
-0.30366,7,9.2463e+06,1,5688,1.225,26.521,0.37528,0.023894,2506.1,1.3547,-90.02,-146.97,4.3071e+05,4.3071e+05,0,16003,-63.499,4680.5,3.0507,12.623,85.149,2.0466,0.17029,-6.1795,6.5134,1.7894e-05,0.00023471,16030,0,2.0466,0,0.17029,-6.1795,1,0.29859,0,0.10281
-0.29202,7,9.3012e+06,1,5688,1.225,24.893,0.37528,0.023894,1954.9,1.321,-86.571,-141.34,4.4588e+05,4.4588e+05,0,15727,-61.678,4492.1,3.0166,12.346,84.636,2.0773,0.1361,-5.9537,6.3087,1.7894e-05,0.00023264,15756,0,2.0773,0,0.1361,-5.9537,1,0.29675,0,0.10801
-0.28011,7,9.6469e+06,1,5688,1.225,23.019,0.37528,0.023894,1671.8,1.2898,-83.039,-135.57,3.9597e+05,3.9597e+05,0,15548,-60.02,4322.3,2.984,12.083,83.965,2.0909,0.11778,-5.6888,6.0632,1.7894e-05,0.00022934,15575,0,2.0909,0,0.11778,-5.6888,1,0.29482,0,0.11317
-0.26808,7,9.5034e+06,1,5688,1.225,20.978,0.37528,0.023894,1136.1,1.2511,-79.472,-129.75,3.6118e+05,3.6118e+05,0,15247,-58.494,4122.4,2.947,11.791,83.4,2.0809,0.089605,-5.3956,5.7851,1.7894e-05,0.00022677,15271,0,2.0809,0,0.089605,-5.3956,1,0.2928,0,0.1183
-0.25595,7,9.2196e+06,1,5688,1.225,18.73,0.37528,0.023894,907.2,1.2155,-75.877,-123.88,2.5408e+05,2.5408e+05,0,14924,-57.148,3921.8,2.9081,11.484,82.736,2.0434,0.075511,-5.0629,5.4622,1.7894e-05,0.00022406,14942,0,2.0434,0,0.075511,-5.0629,1,0.2907,0,0.12339
-0.24418,7,9.1447e+06,1,5688,1.225,16.392,0.37528,0.023894,774.55,1.188,-72.386,-118.18,1.4187e+05,1.4187e+05,0,14623,-55.994,3735.8,2.8704,11.184,82.077,1.9849,0.065431,-4.7007,5.1047,1.7894e-05,0.00022137,14632,0,1.9849,0,0.065431,-4.7007,1,0.2885,0,0.12845
-0.23327,7,9.2035e+06,1,5688,1.225,14.063,0.37528,0.023894,670.17,1.16,-69.152,-112.9,1.8466e+05,1.8466e+05,0,14309,-55.089,3560.4,2.8345,10.904,81.506,1.9034,0.059227,-4.3181,4.7218,1.7894e-05,0.00021911,14322,0,1.9034,0,0.059227,-4.3181,1,0.28621,0,0.13346
-0.22339,7,9.2372e+06,1,5688,1.225,11.855,0.37528,0.023894,449.64,1.1357,-66.224,-108.12,1.2193e+05,1.2193e+05,0,14069,-54.369,3387.6,2.7986,10.624,80.876,1.8024,0.045728,-3.9296,4.3273,1.7894e-05,0.00021542,14078,0,1.8024,0,0.045728,-3.9296,1,0.28384,0,0.13844
-0.21435,7,8.8297e+06,1,5688,1.225,9.7091,0.37528,0.023894,521.98,1.1152,-63.543,-103.74,53935,53935,0,13839,-53.834,3232.5,2.7626,10.344,80.117,1.6813,0.049263,-3.5214,3.9054,1.7894e-05,0.00021205,13843,0,1.6813,0,0.049263,-3.5214,1,0.28138,0,0.14337
-0.20649,7,9.4487e+06,1,5688,1.225,7.764,0.37528,0.023894,453.1,1.0902,-61.213,-99.939,1590.8,1590.8,0,13583,-53.449,3074.5,2.7269,10.074,79.477,1.5414,0.047099,-3.1164,3.4802,1.7894e-05,0.00020882,13583,0,1.5414,0,0.047099,-3.1164,1,0.27883,0,0.14826
-0.19994,7,9.974e+06,1,5688,1.225,5.8694,0.37528,0.023894,469.14,1.0651,-59.273,-96.772,38040,38040,0,13323,-53.404,2908.6,2.6884,9.7852,78.739,1.3661,0.045119,-2.6773,3.0088,1.7894e-05,0.0002048,13326,0,1.3661,0,0.045119,-2.6773,1,0.2762,0,0.1531
-0.1946,7,1.0064e+07,1,5688,1.225,4.2893,0.37528,0.023894,504.56,1.05,-57.69,-94.188,-1.0201e+05,-1.0201e+05,0,13083,-53.401,2773.7,2.6543,9.5265,78.014,1.1854,0.04836,-2.2546,2.5508,1.7894e-05,0.00020166,13075,0,1.1854,0,0.04836,-2.2546,1,0.27349,0,0.1579
-0.19084,7,1.0189e+07,1,5688,1.225,2.9732,0.37528,0.023894,603.55,1.0364,-56.575,-92.367,-41566,-41566,0,12864,-53.602,2644,2.6222,9.2846,77.472,0.99047,0.05477,-1.841,2.0967,1.7894e-05,0.00019857,12861,0,0.99047,0,0.05477,-1.841,1,0.27069,0,0.16265
-0.18852,7,1.0375e+07,1,5688,1.225,1.8416,0.37528,0.023894,627.64,1.0226,-55.887,-91.243,-54524,-54524,0,12640,-54.045,2522.4,2.5893,9.041,76.733,0.76614,0.056675,-1.4027,1.6222,1.7894e-05,0.00019534,12636,0,0.76614,0,0.056675,-1.4027,1,0.26781,0,0.16735
-0.18747,7,1.011e+07,1,5688,1.225,1.0199,0.37528,0.023894,588.16,1.0037,-55.575,-90.735,-35863,-35863,0,12335,-54.555,2395.6,2.5557,8.7997,76.178,0.52916,0.054196,-0.98712,1.1781,1.7894e-05,0.00019303,12333,0,0.52916,0,0.054196,-0.98712,1,0.26485,0,0.172
-0.18748,7,9.9362e+06,1,5688,1.225,0.51266,0.37528,0.023894,809.22,0.99742,-55.578,-90.74,-1.1166e+05,-1.1166e+05,0,12184,-55.065,2291.7,2.5266,8.5837,75.596,0.29808,0.07118,-0.60294,0.76004,1.7894e-05,0.00018944,12175,0,0.29808,0,0.07118,-0.60294,1,0.26181,0,0.17659
-0.18908,7,1.0288e+07,1,5688,1.225,0.24588,0.37528,0.023894,923.78,0.98511,-56.054,-91.517,-67254,-67254,0,11976,-55.808,2189,2.4976,8.3768,75.061,0.048377,0.07866,-0.22064,0.54899,1.7894e-05,0.00018654,11970,0,0.048377,0,0.07866,-0.22064,1,0.25869,0,0.18114
-0.1919,7,9.9952e+06,1,5688,1.225,0.24531,0.37528,0.023894,1186,0.96866,-56.889,-92.881,-88672,-88672,0,11722,-56.644,2083,2.465,8.1493,74.415,-0.22953,0.099862,0.17655,0.57639,1.7894e-05,0.0001839,11715,0,-0.22953,0,0.099862,0.17655,1,0.25549,0,0.18562
-0.19553,7,1.046e+07,1,5688,1.225,0.49105,0.37528,0.023894,1223.9,0.96755,-57.965,-94.637,-1.6252e+05,-1.6252e+05,0,11595,-57.474,2008.4,2.4422,7.9824,74.017,-0.48698,0.10103,0.52195,0.7459,1.7894e-05,0.00018135,11581,0,-0.48698,0,0.10103,0.52195,1,0.25221,0,0.19005
-0.20046,7,1.0301e+07,1,5688,1.225,1.0343,0.37528,0.023894,1245.2,0.95292,-59.428,-97.025,-1.4523e+05,-1.4523e+05,0,11405,-58.393,1917.6,2.4126,7.7814,73.4,-0.7851,0.10408,0.88713,1.1957,1.7894e-05,0.00017857,11392,0,-0.7851,0,0.10408,0.88713,1,0.24885,0,0.19443
-0.20625,7,1.0328e+07,1,5688,1.225,1.7682,0.37528,0.023894,1480.6,0.95417,-61.144,-99.827,-1.5132e+05,-1.5132e+05,0,11282,-59.376,1849.3,2.393,7.638,73.167,-1.0659,0.11988,1.2042,1.6163,1.7894e-05,0.00017646,11270,0,-1.0659,0,0.11988,1.2042,1,0.24542,0,0.19874
-0.21288,7,1.0325e+07,1,5688,1.225,2.736,0.37528,0.023894,1633.3,0.94971,-63.107,-103.03,-1.7742e+05,-1.7742e+05,0,11147,-60.371,1784.7,2.3696,7.4753,72.669,-1.3595,0.13172,1.5206,2.0462,1.7894e-05,0.00017457,11132,0,-1.3595,0,0.13172,1.5206,1,0.24192,0,0.20299
-0.2203,7,1.0287e+07,1,5688,1.225,3.8547,0.37528,0.023894,1672.4,0.95039,-65.307,-106.62,-2.5639e+05,-2.5639e+05,0,11060,-61.452,1720.1,2.3501,7.3368,72.385,-1.6508,0.13435,1.8039,2.4503,1.7894e-05,0.00017179,11037,0,-1.6508,0,0.13435,1.8039,1,0.23834,0,0.20718
-0.22834,7,1.0313e+07,1,5688,1.225,5.1498,0.37528,0.023894,1780.7,0.94596,-67.691,-110.52,-2.7199e+05,-2.7199e+05,0,10953,-62.541,1659.4,2.3286,7.1902,71.992,-1.9465,0.13998,2.073,2.848,1.7894e-05,0.00016959,10929,0,-1.9465,0,0.13998,2.073,1,0.23469,0,0.21131
-0.23726,7,1.0542e+07,1,5688,1.225,6.6837,0.37528,0.023894,1793.1,0.93868,-70.336,-114.83,-2.6162e+05,-2.6162e+05,0,10896,-63.652,1606,2.3066,7.0442,71.501,-2.2546,0.13894,2.3463,3.2575,1.7894e-05,0.00016732,10872,0,-2.2546,0,0.13894,2.3463,1,0.23096,0,0.21538
-0.24642,7,1.1215e+07,1,5688,1.225,8.2255,0.37528,0.023894,1688.5,0.93647,-73.052,-119.27,-2.8703e+05,-2.8703e+05,0,10855,-64.827,1565.6,2.2933,6.9544,71.235,-2.5456,0.13794,2.5739,3.6229,1.7894e-05,0.00016517,10829,0,-2.5456,0,0.13794,2.5739,1,0.22717,0,0.21937
-0.25597,7,1.1671e+07,1,5688,1.225,9.8508,0.37528,0.023894,1598.5,0.93199,-75.881,-123.89,-2.2277e+05,-2.2277e+05,0,10741,-66.03,1521.9,2.2782,6.8554,71.091,-2.8333,0.13194,2.7795,3.9714,1.7894e-05,0.00016427,10721,0,-2.8333,0,0.13194,2.7795,1,0.2233,0,0.2233
-0.26515,7,1.1665e+07,1,5688,1.225,11.348,0.37528,0.023894,1404.3,0.93064,-78.603,-128.33,-2.8674e+05,-2.8674e+05,0,10755,-67.255,1499.2,2.2725,6.8177,71.136,-3.0902,0.11608,2.94,4.267,1.7894e-05,0.00016303,10730,0,-3.0902,0,0.11608,2.94,1,0.21937,0,0.22717
-0.2742,7,1.0734e+07,1,5688,1.225,12.714,0.37528,0.023894,1278,0.93358,-81.286,-132.71,-3.3247e+05,-3.3247e+05,0,10737,-68.572,1487.4,2.274,6.8242,71.443,-3.3215,0.10683,3.0637,4.52,1.7894e-05,0.00016293,10706,0,-3.3215,0,0.10683,3.0637,1,0.21538,0,0.23096
-0.28385,7,1.033e+07,1,5688,1.225,14.076,0.37528,0.023894,1211.8,0.94031,-84.148,-137.38,-3.434e+05,-3.434e+05,0,10732,-70.072,1472.8,2.2744,6.8203,71.675,-3.5518,0.10049,3.1653,4.7587,1.7894e-05,0.00016215,10700,0,-3.5518,0,0.10049,3.1653,1,0.21131,0,0.23469
-0.29332,7,1.0711e+07,1,5688,1.225,15.085,0.37528,0.023894,1132.7,0.95202,-86.954,-141.97,-3.2809e+05,-3.2809e+05,0,10797,-71.869,1470.9,2.2808,6.8518,72.138,-3.7291,0.09545,3.219,4.9272,1.7894e-05,0.00016167,10768,0,-3.7291,0,0.09545,3.219,1,0.20718,0,0.23834
-0.30202,7,1.0706e+07,1,5688,1.225,15.775,0.37528,0.023894,963.01,0.96924,-89.534,-146.18,-2.8195e+05,-2.8195e+05,0,10886,-73.759,1492.7,2.2984,6.9557,72.869,-3.8655,0.08158,3.2319,5.0392,1.7894e-05,0.00016244,10861,0,-3.8655,0,0.08158,3.2319,1,0.20299,0,0.24192
-0.31109,7,1.07e+07,1,5688,1.225,16.305,0.37528,0.023894,837.97,0.98861,-92.222,-150.57,-4.1169e+05,-4.1169e+05,0,10891,-75.917,1510.8,2.3169,7.0643,73.715,-3.9873,0.072837,3.2164,5.1234,1.7894e-05,0.00016383,10854,0,-3.9873,0,0.072837,3.2164,1,0.19874,0,0.24542
-0.3205,7,1.0981e+07,1,5688,1.225,16.682,0.37528,0.023894,623.93,1.0111,-95.011,-155.12,-4.0567e+05,-4.0567e+05,0,11009,-78.329,1536.1,2.3364,7.1779,74.488,-4.0862,0.055945,3.186,5.1818,1.7894e-05,0.00016423,10972,0,-4.0862,0,0.055945,3.186,1,0.19443,0,0.24885
-0.3291,7,1.0984e+07,1,5688,1.225,16.661,0.37528,0.023894,564.69,1.0386,-97.561,-159.28,-3.254e+05,-3.254e+05,0,11076,-80.9,1573.1,2.3619,7.3295,75.595,-4.1341,0.047825,3.1154,5.1768,1.7894e-05,0.00016647,11048,0,-4.1341,0,0.047825,3.1154,1,0.19005,0,0.25221
-0.33842,7,1.0481e+07,1,5688,1.225,16.446,0.37528,0.023894,475.15,1.07,-100.32,-163.79,-2.9821e+05,-2.9821e+05,0,11157,-83.878,1623.9,2.3962,7.5431,76.937,-4.1586,0.043499,3.0231,5.1415,1.7894e-05,0.00016901,11131,0,-4.1586,0,0.043499,3.0231,1,0.18562,0,0.25549
-0.34691,7,1.0367e+07,1,5688,1.225,15.704,0.37528,0.023894,59.622,1.1137,-102.84,-167.9,-3.8603e+05,-3.8603e+05,0,11373,-87.136,1712.5,2.4452,7.8552,78.647,-4.108,0.020342,2.8854,5.0202,1.7894e-05,0.00017239,11340,0,-4.108,0,0.020342,2.8854,1,0.18114,0,0.25869
-0.35666,7,1.0295e+07,1,5688,1.225,14.759,0.37528,0.023894,127.27,1.1653,-105.73,-172.62,-3.2052e+05,-3.2052e+05,0,11481,-90.974,1791.6,2.4891,8.1284,80.285,-4.0265,0.013609,2.7255,4.8622,1.7894e-05,0.00017636,11454,0,-4.0265,0,0.013609,2.7255,1,0.17659,0,0.26181
-0.36589,7,1.0339e+07,1,5688,1.225,13.463,0.37528,0.023894,186.2,1.223,-108.47,-177.09,-4.2315e+05,-4.2315e+05,0,11593,-95.005,1895.1,2.5395,8.4507,82.096,-3.8835,0.015407,2.5354,4.6379,1.7894e-05,0.00018177,11557,0,-3.8835,0,0.015407,2.5354,1,0.172,0,0.26485
-0.37514,7,1.0763e+07,1,5688,1.225,11.9,0.37528,0.023894,-119.53,1.2885,-111.21,-181.57,-3.9521e+05,-3.9521e+05,0,11829,-99.311,2020,2.5957,8.8179,84.132,-3.6793,-0.0015873,2.3218,4.3507,1.7894e-05,0.00018694,11796,0,-3.6793,0,-0.0015873,2.3218,1,0.16735,0,0.26781
-0.38575,7,1.0307e+07,1,5688,1.225,10.258,0.37528,0.023894,-202.4,1.3595,-114.36,-186.7,-2.8736e+05,-2.8736e+05,0,11867,-104.1,2152.8,2.656,9.2225,86.353,-3.4451,-0.0099635,2.0898,4.0294,1.7894e-05,0.00019456,11844,0,-3.4451,0,-0.0099635,2.0898,1,0.16265,0,0.27069
-0.39633,7,1.0515e+07,1,5688,1.225,8.3795,0.37528,0.023894,-10.625,1.4409,-117.49,-191.82,-3.354e+05,-3.354e+05,0,12050,-109.11,2301.2,2.7127,9.5979,88.39,-3.1275,-0.0050549,1.8339,3.6256,1.7894e-05,0.00020127,12023,0,-3.1275,0,-0.0050549,1.8339,1,0.1579,0,0.27349
-0.40811,7,1.0399e+07,1,5688,1.225,6.7671,0.37528,0.023894,-22.097,1.5062,-120.98,-197.52,-2.0836e+05,-2.0836e+05,0,12165,-114.22,2434.3,2.7593,9.9144,90.164,-2.8187,-0.0028886,1.5952,3.2388,1.7894e-05,0.00020801,12149,0,-2.8187,0,-0.0028886,1.5952,1,0.1531,0,0.2762
-0.41959,7,1.0835e+07,1,5688,1.225,5.1442,0.37528,0.023894,119.16,1.5769,-124.39,-203.08,-1.5959e+05,-1.5959e+05,0,12255,-119.24,2599.7,2.8112,10.278,91.899,-2.4549,0.010153,1.3434,2.7986,1.7894e-05,0.00021634,12243,0,-2.4549,0,0.010153,1.3434,1,0.14826,0,0.27883
-0.43211,7,1.0636e+07,1,5688,1.225,3.6635,0.37528,0.023894,-317.57,1.6353,-128.1,-209.14,-2.3782e+05,-2.3782e+05,0,12295,-124.44,2766.5,2.8614,10.647,93.905,-2.0515,-0.015331,1.089,2.323,1.7894e-05,0.00022642,12276,0,-2.0515,0,-0.015331,1.089,1,0.14337,0,0.28138
-0.44445,7,1.0286e+07,1,5688,1.225,2.2671,0.37528,0.023894,-383.7,1.707,-131.76,-215.11,-3.3775e+05,-3.3775e+05,0,12528,-129.49,2972.6,2.9187,11.072,95.802,-1.5596,-0.026025,0.81164,1.7592,1.7894e-05,0.00023446,12501,0,-1.5596,0,-0.026025,0.81164,1,0.13844,0,0.28384
-0.45794,7,1.0249e+07,1,5688,1.225,1.2444,0.37528,0.023894,-403.61,1.7612,-135.76,-221.64,3009.9,3009.9,0,12532,-134.51,3168.9,2.9694,11.466,97.739,-1.0544,-0.031449,0.54386,1.2367,1.7894e-05,0.000246,12534,0,-1.0544,0,-0.031449,0.54386,1,0.13346,0,0.28621
-0.47131,7,9.7857e+06,1,5688,1.225,0.55072,0.37528,0.023894,-379.09,1.813,-139.72,-228.11,-64676,-64676,0,12640,-139.17,3367.8,3.0182,11.852,99.544,-0.44423,-0.029157,0.24538,0.75739,1.7894e-05,0.00025549,12636,0,-0.44423,0,-0.029157,0.24538,1,0.12845,0,0.2885
-0.48641,7,1.0183e+07,1,5688,1.225,0.41458,0.37528,0.023894,-445.3,1.8519,-144.2,-235.42,-1.3142e+05,-1.3142e+05,0,12758,-143.78,3585.1,3.0643,12.234,101.13,0.13908,-0.034109,-0.0061701,0.73506,1.7894e-05,0.00026569,12749,0,0.13908,0,-0.034109,-0.0061701,1,0.12339,0,0.2907
-0.5017,7,1.0571e+07,1,5688,1.225,0.85617,0.37528,0.023894,-447.07,1.8974,-148.73,-242.82,-1.889e+05,-1.889e+05,0,12937,-147.87,3811.5,3.1083,12.596,102.67,0.80383,-0.035655,-0.26146,0.94505,1.7894e-05,0.00027511,12922,0,0.80383,0,-0.035655,-0.26146,1,0.1183,0,0.2928
-0.51772,7,1.071e+07,1,5688,1.225,1.8735,0.37528,0.023894,-326.93,1.8886,-153.48,-250.58,94603,94603,0,12886,-151.61,3994.9,3.1442,12.942,104.16,1.4554,-0.02495,-0.50206,1.5402,1.7894e-05,0.00028653,12894,0,1.4554,0,-0.02495,-0.50206,1,0.11317,0,0.29482
-0.53453,7,1.071e+07,1,5688,1.225,3.37,0.37528,0.023894,-557.32,1.894,-158.46,-258.71,1.9421e+05,1.9421e+05,0,12926,-155.09,4177.6,3.1741,13.22,105.28,2.0774,-0.044906,-0.69787,2.1922,1.7894e-05,0.00029624,12942,0,2.0774,0,-0.044906,-0.69787,1,0.10801,0,0.29675
-0.55126,7,1.0536e+07,1,5688,1.225,5.4715,0.37528,0.023894,-474.97,1.8864,-163.42,-266.81,2.2691e+05,2.2691e+05,0,12993,-157.95,4360.3,3.2038,13.513,106.29,2.729,-0.036455,-0.88166,2.8682,1.7894e-05,0.00030485,13012,0,2.729,0,-0.036455,-0.88166,1,0.10281,0,0.29859
-0.56865,7,1.0993e+07,1,5688,1.225,7.9693,0.37528,0.023894,-255.88,1.8744,-168.58,-275.23,2.2445e+05,2.2445e+05,0,13001,-160.61,4516.1,3.2296,13.774,107.37,3.351,-0.023038,-1.0336,3.507,1.7894e-05,0.00031348,13019,0,3.351,0,-0.023038,-1.0336,1,0.097588,0,0.30034
-0.58616,7,1.099e+07,1,5688,1.225,10.907,0.37528,0.023894,-250.52,1.8648,-173.77,-283.7,4.2426e+05,4.2426e+05,0,13093,-162.86,4702.2,3.2585,14.066,108.44,3.9671,-0.027346,-1.157,4.1325,1.7894e-05,0.00032205,13127,0,3.9671,0,-0.027346,-1.157,1,0.092331,0,0.302
-0.60343,7,1.0813e+07,1,5688,1.225,14.181,0.37528,0.023894,-277.49,1.8409,-178.89,-292.06,4.2574e+05,4.2574e+05,0,13142,-164.71,4854.4,3.2806,14.307,109.23,4.5657,-0.028242,-1.2526,4.7346,1.7894e-05,0.00032925,13175,0,4.5657,0,-0.028242,-1.2526,1,0.087046,0,0.30357
-0.62028,7,1.0692e+07,1,5688,1.225,17.752,0.37528,0.023894,-643.96,1.8175,-183.88,-300.22,3.7186e+05,3.7186e+05,0,13147,-166.13,4992.5,3.3013,14.535,110.05,5.1458,-0.047172,-1.327,5.3144,1.7894e-05,0.00033657,13176,0,5.1458,0,-0.047172,-1.327,1,0.081735,0,0.30504
-0.6368,7,1.063e+07,1,5688,1.225,21.816,0.37528,0.023894,-400.78,1.8025,-188.78,-308.21,3.8213e+05,3.8213e+05,0,13253,-166.96,5160.7,3.3266,14.803,110.93,5.7409,-0.035268,-1.3794,5.9044,1.7894e-05,0.00034307,13283,0,5.7409,0,-0.035268,-1.3794,1,0.076399,0,0.30642
-0.65246,7,1.0078e+07,1,5688,1.225,25.822,0.37528,0.023894,-347.84,1.7735,-193.42,-315.79,3.519e+05,3.519e+05,0,13248,-167.6,5278.4,3.3457,15.023,111.63,6.2789,-0.034396,-1.4063,6.4346,1.7894e-05,0.00034904,13275,0,6.2789,0,-0.034396,-1.4063,1,0.07104,0,0.30771
-0.66853,7,1.0515e+07,1,5688,1.225,29.872,0.37528,0.023894,-259.45,1.7561,-198.19,-323.57,5.3911e+05,5.3911e+05,0,13308,-168.31,5423.6,3.3666,15.252,112.54,6.7865,-0.028005,-1.3944,6.9284,1.7894e-05,0.00035586,13350,0,6.7865,0,-0.028005,-1.3944,1,0.065659,0,0.3089
-0.68235,7,1.1009e+07,1,5688,1.225,33.809,0.37528,0.023894,-175.96,1.7338,-202.28,-330.26,5.3981e+05,5.3981e+05,0,13290,-168.47,5533.1,3.3833,15.444,113.17,7.2501,-0.027327,-1.3653,7.3777,1.7894e-05,0.00036167,13331,0,7.2501,0,-0.027327,-1.3653,1,0.060257,0,0.31
-0.69599,7,1.0981e+07,1,5688,1.225,37.865,0.37528,0.023894,-207.45,1.7146,-206.33,-336.86,6.3558e+05,6.3558e+05,0,13240,-168.46,5657.2,3.3982,15.615,113.78,7.7021,-0.027032,-1.3162,7.8138,1.7894e-05,0.0003695,13289,0,7.7021,0,-0.027032,-1.3162,1,0.054838,0,0.311
-0.70909,7,1.0981e+07,1,5688,1.225,42.468,0.37528,0.023894,-302.69,1.6856,-210.21,-343.2,6.7286e+05,6.7286e+05,0,13425,-167.74,5750.4,3.4126,15.791,114.22,8.1828,-0.030935,-1.2603,8.2793,1.7894e-05,0.00036977,13476,0,8.1828,0,-0.030935,-1.2603,1,0.049402,0,0.31191
-0.72056,7,1.0514e+07,1,5688,1.225,46.344,0.37528,0.023894,-377.79,1.6663,-213.61,-348.75,7.0182e+05,7.0182e+05,0,13390,-167.27,5838,3.4243,15.932,114.88,8.5733,-0.034473,-1.1693,8.6528,1.7894e-05,0.00037595,13443,0,8.5733,0,-0.034473,-1.1693,1,0.043951,0,0.31273
-0.73202,7,1.077e+07,1,5688,1.225,50.386,0.37528,0.023894,-191.47,1.6459,-217.01,-354.3,7.6818e+05,7.6818e+05,0,13520,-166.62,5961.7,3.4422,16.136,115.37,8.9625,-0.029426,-1.0631,9.0254,1.7894e-05,0.00037836,13578,0,8.9625,0,-0.029426,-1.0631,1,0.038486,0,0.31345
-0.74195,7,1.0505e+07,1,5688,1.225,54.417,0.37528,0.023894,-228.33,1.6141,-219.95,-359.1,6.8448e+05,6.8448e+05,0,13579,-165.53,6040,3.4544,16.294,115.85,9.334,-0.029858,-0.95161,9.3825,1.7894e-05,0.00038111,13630,0,9.334,0,-0.029858,-0.95161,1,0.03301,0,0.31407
-0.75059,7,1.006e+07,1,5688,1.225,57.526,0.37528,0.023894,-358.02,1.5885,-222.51,-363.29,9.2499e+05,9.2499e+05,0,13364,-164.99,6102.8,3.4564,16.341,115.98,9.6164,-0.035991,-0.8096,9.6505,1.7894e-05,0.00038972,13435,0,9.6164,0,-0.035991,-0.8096,1,0.027524,0,0.3146
-0.75799,7,1.0579e+07,1,5688,1.225,61.644,0.37528,0.023894,-241.56,1.5658,-224.71,-366.87,8.5278e+05,8.5278e+05,0,13556,-163.06,6155.4,3.464,16.443,116.29,9.9689,-0.030995,-0.66961,9.9914,1.7894e-05,0.00038831,13620,0,9.9689,0,-0.030995,-0.66961,1,0.022029,0,0.31503
-0.76467,7,1.0964e+07,1,5688,1.225,65.353,0.37528,0.023894,-262.15,1.5362,-226.69,-370.1,8.3551e+05,8.3551e+05,0,13628,-161.33,6233.8,3.4741,16.579,116.59,10.277,-0.031357,-0.51092,10.29,1.7894e-05,0.00039039,13690,0,10.277,0,-0.031357,-0.51092,1,0.016528,0,0.31537
-0.77018,7,1.0799e+07,1,5688,1.225,68.601,0.37528,0.023894,-333.44,1.5051,-228.32,-372.77,9.4969e+05,9.4969e+05,0,13659,-159.72,6291.8,3.4826,16.699,116.97,10.538,-0.034643,-0.34396,10.544,1.7894e-05,0.00039272,13729,0,10.538,0,-0.034643,-0.34396,1,0.011021,0,0.31561
-0.77399,7,1.0595e+07,1,5688,1.225,71.367,0.37528,0.023894,-301.3,1.4762,-229.45,-374.61,8.8231e+05,8.8231e+05,0,13547,-158.08,6340.8,3.4885,16.79,117.16,10.755,-0.031119,-0.16731,10.757,1.7894e-05,0.00039765,13614,0,10.755,0,-0.031119,-0.16731,1,0.0055115,0,0.31575
-0.77733,7,1.0565e+07,1,5688,1.225,73.659,0.37528,0.023894,-365.35,1.4415,-230.44,-376.23,8.4215e+05,8.4215e+05,0,13644,-156.78,6365.8,3.4898,16.838,117.16,10.929,-0.036086,0.013992,10.929,1.7894e-05,0.00039666,13707,0,10.929,0,-0.036086,0.013992,1,1.9337e-17,0,0.3158
-0.77909,7,1.0498e+07,1,5688,1.225,76.036,0.37528,0.023894,-424.98,1.415,-230.96,-377.08,8.5725e+05,8.5725e+05,0,13542,-154.92,6363,3.4796,16.759,116.83,11.103,-0.036016,0.20989,11.105,1.7894e-05,0.00040006,13606,0,11.103,0,-0.036016,0.20989,1,-0.0055115,0,0.31575
-0.77919,7,1.0502e+07,1,5688,1.225,79.646,0.37528,0.023894,-154.07,1.3955,-230.99,-377.13,1.0289e+06,1.0289e+06,0,13600,-151.35,6417.3,3.4843,16.828,116.94,11.36,-0.028264,0.41404,11.367,1.7894e-05,0.00040172,13677,0,11.36,0,-0.028264,0.41404,1,-0.011021,0,0.31561
-0.77875,7,1.0958e+07,1,5688,1.225,82.327,0.37528,0.023894,-226.27,1.3602,-230.86,-376.91,1.0328e+06,1.0328e+06,0,13736,-148.53,6430.7,3.4883,16.905,117.09,11.541,-0.030652,0.61419,11.557,1.7894e-05,0.00039915,13813,0,11.541,0,-0.030652,0.61419,1,-0.016528,0,0.31537
-0.77697,7,1.0497e+07,1,5688,1.225,84.381,0.37528,0.023894,-311.82,1.3324,-230.33,-376.05,9.0903e+05,9.0903e+05,0,13674,-145.95,6473.7,3.4896,16.948,117.11,11.673,-0.032985,0.82743,11.702,1.7894e-05,0.00040296,13741,0,11.673,0,-0.032985,0.82743,1,-0.022029,0,0.31503
-0.77365,7,1.0611e+07,1,5688,1.225,86.987,0.37528,0.023894,-362.47,1.3162,-229.35,-374.45,9.4178e+05,9.4178e+05,0,13645,-142.36,6494.4,3.4858,16.925,116.88,11.836,-0.034758,1.0478,11.883,1.7894e-05,0.00040469,13715,0,11.836,0,-0.034758,1.0478,1,-0.027524,0,0.3146
-0.76985,7,1.0497e+07,1,5688,1.225,89.739,0.37528,0.023894,-306.19,1.2903,-228.22,-372.61,9.6181e+05,9.6181e+05,0,13740,-138.48,6508.8,3.4886,16.98,116.97,12.003,-0.031652,1.2684,12.07,1.7894e-05,0.00040332,13811,0,12.003,0,-0.031652,1.2684,1,-0.03301,0,0.31407
-0.76449,7,1.0954e+07,1,5688,1.225,91.425,0.37528,0.023894,-367.28,1.2786,-226.63,-370.01,1.0693e+06,1.0693e+06,0,13789,-135.21,6538.9,3.4885,16.992,116.74,12.092,-0.032966,1.4909,12.183,1.7894e-05,0.00040284,13867,0,12.092,0,-0.032966,1.4909,1,-0.038486,0,0.31345
-0.75805,7,1.0953e+07,1,5688,1.225,93.195,0.37528,0.023894,-187.17,1.2589,-224.72,-366.9,1.0335e+06,1.0335e+06,0,13695,-131.53,6547.2,3.4854,16.978,116.64,12.181,-0.027445,1.7187,12.302,1.7894e-05,0.00040509,13771,0,12.181,0,-0.027445,1.7187,1,-0.043951,0,0.31273
-0.75098,7,1.1389e+07,1,5688,1.225,95.282,0.37528,0.023894,-206.77,1.2421,-222.63,-363.48,1.0386e+06,1.0386e+06,0,13840,-127.35,6573.7,3.4879,17.023,116.71,12.284,-0.027988,1.9567,12.439,1.7894e-05,0.00040338,13915,0,12.284,0,-0.027988,1.9567,1,-0.049402,0,0.31191
-0.74197,7,1.1606e+07,1,5688,1.225,96.429,0.37528,0.023894,-288.23,1.2257,-219.96,-359.11,1.1438e+06,1.1438e+06,0,13834,-123.53,6585.9,3.4863,17.022,116.54,12.323,-0.029454,2.1789,12.514,1.7894e-05,0.00040351,13917,0,12.323,0,-0.029454,2.1789,1,-0.054838,0,0.311
-0.73221,7,1.0957e+07,1,5688,1.225,97.588,0.37528,0.023894,-344.61,1.2098,-217.06,-354.39,1.1919e+06,1.1919e+06,0,13779,-119.48,6584.6,3.4803,16.976,116.17,12.358,-0.029558,2.4065,12.59,1.7894e-05,0.00040389,13867,0,12.358,0,-0.029558,2.4065,1,-0.060257,0,0.31
-0.72128,7,1.1433e+07,1,5688,1.225,98.685,0.37528,0.023894,-232.98,1.1944,-213.82,-349.1,1.1322e+06,1.1322e+06,0,13722,-115.14,6566.4,3.4724,16.908,115.8,12.384,-0.029265,2.6344,12.661,1.7894e-05,0.00040389,13806,0,12.384,0,-0.029265,2.6344,1,-0.065659,0,0.3089
-0.70925,7,1.0991e+07,1,5688,1.225,100.4,0.37528,0.023894,-275.79,1.178,-210.26,-343.28,1.0537e+06,1.0537e+06,0,13706,-109.86,6577.9,3.4705,16.906,115.65,12.443,-0.030466,2.8775,12.771,1.7894e-05,0.0004045,13784,0,12.443,0,-0.030466,2.8775,1,-0.07104,0,0.30771
-0.69616,7,1.0957e+07,1,5688,1.225,101.76,0.37528,0.023894,-345.17,1.1618,-206.38,-336.94,1.1783e+06,1.1783e+06,0,13771,-104.61,6570.2,3.4676,16.891,115.58,12.477,-0.031221,3.1056,12.858,1.7894e-05,0.00040277,13858,0,12.477,0,-0.031221,3.1056,1,-0.076399,0,0.30642
-0.68237,7,1.0982e+07,1,5688,1.225,103.25,0.37528,0.023894,-132.05,1.1493,-202.29,-330.27,1.1613e+06,1.1613e+06,0,13793,-99.035,6582.5,3.4648,16.876,115.34,12.511,-0.024979,3.3516,12.952,1.7894e-05,0.00040235,13878,0,12.511,0,-0.024979,3.3516,1,-0.081735,0,0.30504
-0.66773,7,1.0961e+07,1,5688,1.225,104.18,0.37528,0.023894,-167.25,1.1403,-197.95,-323.18,1.146e+06,1.146e+06,0,13899,-93.77,6587.5,3.461,16.845,115.01,12.505,-0.023328,3.5884,13.01,1.7894e-05,0.00039963,13982,0,12.505,0,-0.023328,3.5884,1,-0.087046,0,0.30357
-0.65132,7,1.1439e+07,1,5688,1.225,105.54,0.37528,0.023894,-247.55,1.125,-193.08,-315.24,1.0782e+06,1.0782e+06,0,13791,-87.545,6573.1,3.4533,16.782,114.6,12.524,-0.026754,3.827,13.096,1.7894e-05,0.00040061,13870,0,12.524,0,-0.026754,3.827,1,-0.092331,0,0.302
-0.63416,7,1.0641e+07,1,5688,1.225,107.17,0.37528,0.023894,-238.54,1.1142,-188,-306.93,1.2593e+06,1.2593e+06,0,13903,-80.822,6598,3.4544,16.804,114.49,12.551,-0.0253,4.0764,13.197,1.7894e-05,0.00039886,13994,0,12.551,0,-0.0253,4.0764,1,-0.097588,0,0.30034
-0.61584,7,1.0503e+07,1,5688,1.225,108.65,0.37528,0.023894,-168.52,1.1027,-182.57,-298.07,1.028e+06,1.028e+06,0,13930,-73.913,6601,3.4526,16.797,114.24,12.566,-0.020859,4.3211,13.288,1.7894e-05,0.00039794,14004,0,12.566,0,-0.020859,4.3211,1,-0.10281,0,0.29859
-0.59721,7,1.1157e+07,1,5688,1.225,109.24,0.37528,0.023894,-167.64,1.0938,-177.04,-289.05,1.0835e+06,1.0835e+06,0,14001,-67.806,6593,3.4469,16.747,113.79,12.523,-0.023287,4.5512,13.324,1.7894e-05,0.00039495,14079,0,12.523,0,-0.023287,4.5512,1,-0.10801,0,0.29675
-0.57709,7,1.0993e+07,1,5688,1.225,110.42,0.37528,0.023894,-271.53,1.0851,-171.08,-279.31,1.1268e+06,1.1268e+06,0,13959,-60.659,6621.9,3.4485,16.772,113.68,12.511,-0.025025,4.7905,13.397,1.7894e-05,0.00039643,14041,0,12.511,0,-0.025025,4.7905,1,-0.11317,0,0.29482
-0.55649,7,1.1273e+07,1,5688,1.225,110.79,0.37528,0.023894,-273.47,1.079,-164.97,-269.34,1.2735e+06,1.2735e+06,0,13984,-54.178,6627.1,3.4452,16.745,113.4,12.445,-0.024648,5.0193,13.419,1.7894e-05,0.00039558,14076,0,12.445,0,-0.024648,5.0193,1,-0.1183,0,0.2928
-0.53529,7,1.1197e+07,1,5688,1.225,111.65,0.37528,0.023894,-400.05,1.0699,-158.69,-259.08,1.226e+06,1.226e+06,0,13987,-47.038,6630.6,3.4416,16.717,113.1,12.404,-0.028512,5.2547,13.472,1.7894e-05,0.00039502,14075,0,12.404,0,-0.028512,5.2547,1,-0.12339,0,0.2907
-0.51309,7,1.1147e+07,1,5688,1.225,112.21,0.37528,0.023894,-17.471,1.0614,-152.11,-248.34,1.2023e+06,1.2023e+06,0,14019,-39.898,6636.7,3.4404,16.712,112.9,12.343,-0.016783,5.4823,13.506,1.7894e-05,0.00039387,14106,0,12.343,0,-0.016783,5.4823,1,-0.12845,0,0.2885
-0.49025,7,1.1088e+07,1,5688,1.225,113.3,0.37528,0.023894,-96.295,1.0537,-145.33,-237.28,1.1916e+06,1.1916e+06,0,13994,-32.036,6651.7,3.4377,16.693,112.65,12.305,-0.019292,5.7249,13.572,1.7894e-05,0.00039435,14080,0,12.305,0,-0.019292,5.7249,1,-0.13346,0,0.28621
-0.46605,7,1.0984e+07,1,5688,1.225,114.3,0.37528,0.023894,-212.39,1.0481,-138.16,-225.57,1.1533e+06,1.1533e+06,0,13997,-23.862,6649.3,3.4341,16.661,112.3,12.256,-0.02096,5.9677,13.632,1.7894e-05,0.00039351,14080,0,12.256,0,-0.02096,5.9677,1,-0.13844,0,0.28384
-0.44125,7,1.0988e+07,1,5688,1.225,114.91,0.37528,0.023894,-61.355,1.0454,-130.81,-213.56,1.1924e+06,1.1924e+06,0,14034,-15.893,6668.4,3.4338,16.661,111.89,12.186,-0.019511,6.193,13.669,1.7894e-05,0.00039201,14120,0,12.186,0,-0.019511,6.193,1,-0.14337,0,0.28138
-0.41647,7,1.1019e+07,1,5688,1.225,115.47,0.37528,0.023894,-215.82,1.0453,-123.46,-201.57,1.3087e+06,1.3087e+06,0,13987,-7.9949,6674.4,3.4266,16.587,111.53,12.101,-0.023669,6.4273,13.702,1.7894e-05,0.00039251,14082,0,12.101,0,-0.023669,6.4273,1,-0.14826,0,0.27883
-0.3898,7,1.1126e+07,1,5688,1.225,117.46,0.37528,0.023894,-141.33,1.0447,-115.56,-188.66,1.3069e+06,1.3069e+06,0,14102,1.9019,6696.3,3.43,16.623,111.45,12.096,-0.021809,6.6843,13.82,1.7894e-05,0.00039035,14195,0,12.096,0,-0.021809,6.6843,1,-0.1531,0,0.2762
-0.3638,7,1.133e+07,1,5688,1.225,118.81,0.37528,0.023894,-95.228,1.0496,-107.85,-176.08,1.1446e+06,1.1446e+06,0,14150,10.961,6723.1,3.4315,16.634,111.21,12.046,-0.020038,6.9348,13.9,1.7894e-05,0.00038935,14232,0,12.046,0,-0.020038,6.9348,1,-0.1579,0,0.27349
-0.33631,7,1.1018e+07,1,5688,1.225,119.72,0.37528,0.023894,-393.78,1.06,-99.699,-162.77,1.1517e+06,1.1517e+06,0,14166,20.017,6747.9,3.4324,16.633,111.04,11.969,-0.027747,7.1721,13.953,1.7894e-05,0.00038884,14247,0,11.969,0,-0.027747,7.1721,1,-0.16265,0,0.27069
-0.30853,7,1.1067e+07,1,5688,1.225,120.91,0.37528,0.023894,-262.15,1.0823,-91.462,-149.33,1.1432e+06,1.1432e+06,0,14188,29.451,6786.3,3.4331,16.619,110.75,11.898,-0.023718,7.4222,14.024,1.7894e-05,0.00038829,14269,0,11.898,0,-0.023718,7.4222,1,-0.16735,0,0.26781
-0.27946,7,1.1206e+07,1,5688,1.225,122.97,0.37528,0.023894,-229.13,1.1087,-82.845,-135.26,1.1898e+06,1.1898e+06,0,14279,40.126,6849.3,3.444,16.705,110.84,11.87,-0.021122,7.6891,14.143,1.7894e-05,0.00038771,14363,0,11.87,0,-0.021122,7.6891,1,-0.172,0,0.26485
-0.25032,7,1.1237e+07,1,5688,1.225,123.57,0.37528,0.023894,-259.14,1.1439,-74.209,-121.16,1.2992e+06,1.2992e+06,0,14325,49.357,6906,3.4543,16.774,110.89,11.764,-0.024309,7.9118,14.177,1.7894e-05,0.00038725,14417,0,11.764,0,-0.024309,7.9118,1,-0.17659,0,0.26181
-0.22093,7,1.1605e+07,1,5688,1.225,124.5,0.37528,0.023894,35.772,1.1908,-65.494,-106.93,1.284e+06,1.284e+06,0,14437,59.005,6956.1,3.4639,16.827,110.99,11.67,-0.014292,8.1447,14.231,1.7894e-05,0.00038555,14526,0,11.67,0,-0.014292,8.1447,1,-0.18114,0,0.25869
-0.19226,7,1.1319e+07,1,5688,1.225,124.38,0.37528,0.023894,-135.44,1.2601,-56.997,-93.056,1.3361e+06,1.3361e+06,0,14677,67.38,6953.8,3.4566,16.684,110.35,11.518,-0.017629,8.3449,14.223,1.7894e-05,0.00037797,14769,0,11.518,0,-0.017629,8.3449,1,-0.18562,0,0.25549
-0.15902,7,1.1195e+07,1,5688,1.225,125.8,0.37528,0.023894,-49.428,1.3427,-47.142,-76.966,1.5456e+06,1.5456e+06,0,14335,78.659,6846.4,3.4185,16.209,108.88,11.425,-0.018714,8.6098,14.306,1.7894e-05,0.00037348,14443,0,11.425,0,-0.018714,8.6098,1,-0.19005,0,0.25221
-0.11782,7,1.1509e+07,1,5688,1.225,136.44,0.37528,0.023894,-124.16,1.4018,-34.929,-57.027,8.7497e+05,8.7497e+05,0,13124,101.51,6793.1,3.4103,16.073,108.21,11.731,-0.038958,9.1957,14.905,1.7894e-05,0.00039562,13191,0,11.731,0,-0.038958,9.1957,1,-0.19443,0,0.24885
-0.079864,7,1.2188e+07,1,5688,1.225,146.38,0.37528,0.023894,-334.36,1.5043,-23.676,-38.654,1.7916e+06,1.7916e+06,0,21293,122.71,5953.5,3.3138,15.035,104.54,12.034,-0.044497,9.6222,15.408,1.7894e-05,0.00025289,21378,0,12.034,0,-0.044497,9.6222,1,-0.19874,0,0.24542
-0.043167,7,1.2002e+07,1,5688,1.225,178.97,0.37528,0.023894,-6274,0.32423,-12.797,-20.893,2.3829e+06,2.3829e+06,0,33867,166.17,405.5,0.99468,2.0183,28.837,13.083,-0.10139,10.846,16.995,1.7894e-05,1.5702e-05,33925,0,13.083,0,-0.10139,10.846,1,-0.20299,0,0.24192
-0.04566,7,1.2007e+07,1,5688,1.225,157.03,0.37528,0.023894,773.32,0.00062737,-13.536,-22.099,5.2433e+06,5.2433e+06,0,35888,143.49,0.0066895,0.021061,0.00014923,0.62827,12.154,-0.0043702,10.238,15.892,1.7894e-05,1.3377e-11,36037,0,12.154,0,-0.0043702,10.238,1,-0.20718,0,0.23834
-0.02107,7,1.1625e+07,1,5688,1.225,123.55,0.37528,0.023894,446.12,0.00014934,-6.2463,-10.198,4.2217e+06,4.2217e+06,0,43268,117.31,0.0017802,0.012452,8.9814e-05,0.38434,10.504,-0.0079742,9.2692,14.009,1.7894e-05,5.6819e-12,43369,0,10.504,0,-0.0079742,9.2692,1,-0.21131,0,0.23469
0.0091694,7,1.202e+07,1,5688,1.225,102.15,0.37528,0.023894,-264.16,7.041e-05,2.7183,4.438,3.5792e+06,3.5792e+06,0,47456,104.87,0.00092378,0.0099938,7.9484e-05,0.31365,9.3334,-0.014928,8.5632,12.667,1.7894e-05,4.389e-12,47536,0,9.3334,0,-0.014928,8.5632,1,-0.21538,0,0.23096
0.040116,7,1.2024e+07,1,5688,1.225,87.649,0.37528,0.023894,-1073.4,5.3728e-05,11.893,19.416,2.932e+06,2.932e+06,0,49795,99.541,0.00069226,0.0092814,7.5684e-05,0.29298,8.4489,-0.021099,8.05,11.67,1.7894e-05,4.0423e-12,49857,0,8.4489,0,-0.021099,8.05,1,-0.21937,0,0.22717
0.071279,7,1.2031e+07,1,5688,1.225,76.889,0.37528,0.023894,855.99,4.9767e-05,21.131,34.499,2.3646e+06,2.3646e+06,0,51201,98.02,0.00058718,0.0090597,7.3734e-05,0.28553,7.7434,-0.0064958,7.6479,10.884,1.7894e-05,3.9239e-12,51251,0,7.7434,0,-0.0064958,7.6479,1,-0.2233,0,0.2233
0.1017,7,1.2032e+07,1,5688,1.225,67.712,0.37528,0.023894,-655.12,4.9218e-05,30.148,49.221,3.9122e+06,3.9122e+06,0,52417,97.86,0.00052277,0.0089814,7.2246e-05,0.28219,7.1033,-0.018114,7.2737,10.167,1.7894e-05,3.8728e-12,52495,0,7.1033,0,-0.018114,7.2737,1,-0.22717,0,0.21937
0.13343,7,1.2038e+07,1,5688,1.225,59.891,0.37528,0.023894,-2100,4.976e-05,39.556,64.581,2.4801e+06,2.4801e+06,0,53029,99.447,0.00047337,0.0089651,7.1293e-05,0.28069,6.5302,-0.03055,6.9262,9.5197,1.7894e-05,3.8954e-12,53077,0,6.5302,0,-0.03055,6.9262,1,-0.23096,0,0.21538
0.16397,7,1.1633e+07,1,5688,1.225,54.493,0.37528,0.023894,-474.75,5.0742e-05,48.607,79.359,2.8915e+06,2.8915e+06,0,53587,103.1,0.00043172,0.0089864,7.0901e-05,0.28063,6.0909,-0.013791,6.6894,9.0473,1.7894e-05,4.0885e-12,53643,0,6.0909,0,-0.013791,6.6894,1,-0.23469,0,0.21131
0.1961,7,1.1869e+07,1,5688,1.225,50.708,0.37528,0.023894,-705.22,5.2209e-05,58.134,94.913,1.8922e+06,1.8922e+06,0,53468,108.84,0.00039432,0.009056,7.1294e-05,0.28188,5.7522,-0.022155,6.5474,8.7157,1.7894e-05,4.4722e-12,53507,0,5.7522,0,-0.022155,6.5474,1,-0.23834,0,0.20718
0.2265,7,1.224e+07,1,5688,1.225,46.576,0.37528,0.023894,-422.94,5.3527e-05,67.145,109.62,2.5206e+06,2.5206e+06,0,53399,113.72,0.00036458,0.0091033,7.125e-05,0.28202,5.3924,-0.018241,6.36,8.3385,1.7894e-05,4.7235e-12,53449,0,5.3924,0,-0.018241,6.36,1,-0.24192,0,0.20299
0.25665,7,1.2034e+07,1,5688,1.225,42.871,0.37528,0.023894,-34.392,5.4863e-05,76.084,124.22,2.4678e+06,2.4678e+06,0,52973,118.96,0.00033863,0.0091536,7.1275e-05,0.28259,5.0677,-0.013336,6.1734,7.9874,1.7894e-05,5.0181e-12,53024,0,5.0677,0,-0.013336,6.1734,1,-0.24542,0,0.19874
0.28763,7,1.1455e+07,1,5688,1.225,38.946,0.37528,0.023894,418.52,5.6139e-05,85.267,139.21,7.8844e+05,7.8844e+05,0,52746,124.21,0.00031666,0.009199,7.1231e-05,0.28292,4.712,-0.0057385,5.9607,7.5985,1.7894e-05,5.2867e-12,52761,0,4.712,0,-0.0057385,5.9607,1,-0.24885,0,0.19443
0.31681,7,1.1151e+07,1,5688,1.225,35.281,0.37528,0.023894,-764.53,5.7192e-05,93.918,153.34,2.6482e+06,2.6482e+06,0,53128,129.2,0.00029774,0.0092289,7.101e-05,0.28274,4.3666,-0.023171,5.7312,7.2056,1.7894e-05,5.4573e-12,53182,0,4.3666,0,-0.023171,5.7312,1,-0.25221,0,0.19005
0.34737,7,1.1463e+07,1,5688,1.225,32.401,0.37528,0.023894,-842.95,5.8461e-05,102.98,168.13,9.8802e+05,9.8802e+05,0,52231,135.38,0.00027998,0.009285,7.1315e-05,0.28318,4.0639,-0.014121,5.519,6.8593,1.7894e-05,6.0125e-12,52252,0,4.0639,0,-0.014121,5.519,1,-0.25549,0,0.18562
0.37642,7,1.1617e+07,1,5688,1.225,29.301,0.37528,0.023894,-2256.1,5.9349e-05,111.59,182.19,1.5899e+06,1.5899e+06,0,52449,140.89,0.00026489,0.0093096,7.1159e-05,0.28293,3.7289,-0.037167,5.2541,6.465,1.7894e-05,6.351e-12,52482,0,3.7289,0,-0.037167,5.2541,1,-0.25869,0,0.18114
0.40498,7,1.1611e+07,1,5688,1.225,26.821,0.37528,0.023894,-149.39,6.0432e-05,120.06,196.01,1.8621e+06,1.8621e+06,0,51960,146.88,0.00025134,0.0093524,7.1298e-05,0.2832,3.4467,-0.0094746,5.043,6.1491,1.7894e-05,6.8388e-12,51998,0,3.4467,0,-0.0094746,5.043,1,-0.26181,0,0.17659
0.43402,7,1.0956e+07,1,5688,1.225,24.571,0.37528,0.023894,-14.397,6.1473e-05,128.67,210.07,1.6746e+06,1.6746e+06,0,52230,153.24,0.00023911,0.0093977,7.1567e-05,0.28367,3.1721,-0.014955,4.8185,5.8418,1.7894e-05,7.2973e-12,52267,0,3.1721,0,-0.014955,4.8185,1,-0.26485,0,0.172
0.46234,7,1.1168e+07,1,5688,1.225,22.622,0.37528,0.023894,250.91,6.2585e-05,137.06,223.77,1.2566e+06,1.2566e+06,0,51581,159.68,0.00022832,0.0094485,7.1914e-05,0.28386,2.93,-0.0097312,4.6207,5.5768,1.7894e-05,7.9172e-12,51607,0,2.93,0,-0.0097312,4.6207,1,-0.26781,0,0.16735
0.49057,7,1.1154e+07,1,5688,1.225,20.419,0.37528,0.023894,-2015.8,6.3756e-05,145.43,237.44,9.0602e+05,9.0602e+05,0,50650,165.85,0.00021888,0.0095042,7.2324e-05,0.28438,2.6823,-0.034023,4.3778,5.2738,1.7894e-05,8.59e-12,50670,0,2.6823,0,-0.034023,4.3778,1,-0.27069,0,0.16265
0.51734,7,1.1413e+07,1,5688,1.225,18.18,0.37528,0.023894,-2180.9,6.4362e-05,153.37,250.39,1.1577e+06,1.1577e+06,0,51017,171.55,0.0002104,0.0095153,7.2086e-05,0.28387,2.3939,-0.039213,4.0825,4.9338,1.7894e-05,8.8328e-12,51042,0,2.3939,0,-0.039213,4.0825,1,-0.27349,0,0.1579
0.54412,7,1.1443e+07,1,5688,1.225,16.354,0.37528,0.023894,-724.64,6.5328e-05,161.31,263.36,8.9145e+05,8.9145e+05,0,50444,177.66,0.00020287,0.0095633,7.2498e-05,0.28437,2.1664,-0.017228,3.8381,4.6569,1.7894e-05,9.4535e-12,50466,0,2.1664,0,-0.017228,3.8381,1,-0.2762,0,0.1531
0.57008,7,1.1183e+07,1,5688,1.225,14.309,0.37528,0.023894,-994.17,6.5866e-05,169,275.92,4.7002e+05,4.7002e+05,0,50259,183.31,0.00019595,0.0095759,7.2356e-05,0.28338,1.899,-0.022937,3.505,4.3196,1.7894e-05,9.8196e-12,50271,0,1.899,0,-0.022937,3.505,1,-0.27883,0,0.14826
0.59546,7,1.0815e+07,1,5688,1.225,12.889,0.37528,0.023894,-1057.5,6.6544e-05,176.52,288.2,7.2973e+05,7.2973e+05,0,50189,189.41,0.00018977,0.0096092,7.2662e-05,0.28322,1.689,-0.022481,3.2491,4.0744,1.7894e-05,1.034e-11,50207,0,1.689,0,-0.022481,3.2491,1,-0.28138,0,0.14337
0.62087,7,1.072e+07,1,5688,1.225,11.338,0.37528,0.023894,-1684,6.7138e-05,184.06,300.5,4.8152e+05,4.8152e+05,0,49800,195.39,0.00018416,0.0096376,7.2909e-05,0.28288,1.4662,-0.02706,2.939,3.7911,1.7894e-05,1.0886e-11,49813,0,1.4662,0,-0.02706,2.939,1,-0.28384,0,0.13844
0.64499,7,1.0694e+07,1,5688,1.225,9.9033,0.37528,0.023894,-1162.9,6.7697e-05,191.21,312.17,8.6516e+05,8.6516e+05,0,49268,201.11,0.00017921,0.0096652,7.3148e-05,0.28237,1.2613,-0.021286,2.6256,3.5097,1.7894e-05,1.141e-11,49289,0,1.2613,0,-0.021286,2.6256,1,-0.28621,0,0.13346
0.66879,7,1.0754e+07,1,5688,1.225,8.8384,0.37528,0.023894,46.669,6.8195e-05,198.26,323.7,6.6836e+05,6.6836e+05,0,48910,207.1,0.00017469,0.0096966,7.3574e-05,0.28207,1.0843,-0.0089152,2.3585,3.2902,1.7894e-05,1.2046e-11,48927,0,1.0843,0,-0.0089152,2.3585,1,-0.2885,0,0.12845
0.69225,7,1.0838e+07,1,5688,1.225,7.8344,0.37528,0.023894,-564.02,6.8568e-05,205.22,335.05,18686,18686,0,48414,213.05,0.00017056,0.0097251,7.404e-05,0.2818,0.91816,-0.016864,2.0776,3.0658,1.7894e-05,1.2723e-11,48418,0,0.91816,0,-0.016864,2.0776,1,-0.2907,0,0.12339
0.71438,7,1.1013e+07,1,5688,1.225,6.8049,0.37528,0.023894,-79.603,6.8748e-05,211.78,345.76,4.3234e+05,4.3234e+05,0,48032,218.58,0.00016668,0.0097331,7.4099e-05,0.2804,0.72898,-0.0094157,1.7169,2.8033,1.7894e-05,1.3159e-11,48045,0,0.72898,0,-0.0094157,1.7169,1,-0.2928,0,0.1183
0.73605,7,1.124e+07,1,5688,1.225,6.0125,0.37528,0.023894,-1693.7,6.8878e-05,218.2,356.25,1.3803e+05,1.3803e+05,0,47574,224.21,0.00016323,0.0097475,7.4389e-05,0.2794,0.57318,-0.032815,1.3869,2.5769,1.7894e-05,1.373e-11,47580,0,0.57318,0,-0.032815,1.3869,1,-0.29482,0,0.11317
0.75716,7,1.1045e+07,1,5688,1.225,5.3003,0.37528,0.023894,-748.25,6.8682e-05,224.46,366.47,-77542,-77542,0,47078,229.76,0.00015971,0.0097382,7.4327e-05,0.27823,0.40321,-0.016294,1.015,2.3103,1.7894e-05,1.409e-11,47079,0,0.40321,0,-0.016294,1.015,1,-0.29675,0,0.10801
0.77771,7,1.1099e+07,1,5688,1.225,4.8217,0.37528,0.023894,-529.75,6.8508e-05,230.55,376.41,-2.3082e+05,-2.3082e+05,0,46697,235.37,0.00015668,0.0097415,7.4608e-05,0.2767,0.25715,-0.012795,0.64122,2.0941,1.7894e-05,1.4646e-11,46695,0,0.25715,0,-0.012795,0.64122,1,-0.29859,0,0.10281
0.79695,7,1.0835e+07,1,5688,1.225,4.5008,0.37528,0.023894,-1608.3,6.8258e-05,236.26,385.73,-2.3281e+05,-2.3281e+05,0,46199,240.76,0.00015387,0.0097359,7.4694e-05,0.2756,0.12228,-0.029534,0.27292,1.947,1.7894e-05,1.5059e-11,46197,0,0.12228,0,-0.029534,0.27292,1,-0.30034,0,0.097588
0.81582,7,1.0799e+07,1,5688,1.225,4.3982,0.37528,0.023894,-1490.3,6.8012e-05,241.85,394.86,-2.6738e+05,-2.6738e+05,0,45842,246.25,0.00015136,0.0097325,7.485e-05,0.27387,-0.0067365,-0.03008,-0.12977,2.0486,1.7894e-05,1.5477e-11,45838,0,-0.0067365,0,-0.03008,-0.12977,1,-0.302,0,0.092331
0.83384,7,1.1e+07,1,5688,1.225,4.5164,0.37528,0.023894,-1945.2,6.7699e-05,247.19,403.58,-3.3977e+05,-3.3977e+05,0,45522,251.71,0.00014902,0.0097253,7.4967e-05,0.27236,-0.12089,-0.03801,-0.52741,2.1912,1.7894e-05,1.5852e-11,45518,0,-0.12089,0,-0.03801,-0.52741,1,-0.30357,0,0.087046
0.85057,7,1.0841e+07,1,5688,1.225,4.7982,0.37528,0.023894,-528.54,6.7491e-05,252.15,411.68,-2.9695e+05,-2.9695e+05,0,45212,256.95,0.00014708,0.0097283,7.5263e-05,0.27102,-0.21339,-0.014359,-0.90506,2.3301,1.7894e-05,1.629e-11,45209,0,-0.21339,0,-0.014359,-0.90506,1,-0.30504,0,0.081735
0.86708,7,1.1318e+07,1,5688,1.225,5.137,0.37528,0.023894,-241,6.7524e-05,257.05,419.67,-5.1848e+05,-5.1848e+05,0,44466,262.18,0.00014585,0.0097595,7.6147e-05,0.27088,-0.2807,-0.009335,-1.2575,2.4491,1.7894e-05,1.7261e-11,44458,0,-0.2807,0,-0.009335,-1.2575,1,-0.30642,0,0.076399
0.88232,7,1.176e+07,1,5688,1.225,5.7841,0.37528,0.023894,-1041.8,6.7361e-05,261.56,427.04,-5.6583e+05,-5.6583e+05,0,44349,267.35,0.00014434,0.0097643,7.6462e-05,0.26923,-0.34467,-0.022086,-1.6327,2.6142,1.7894e-05,1.7679e-11,44339,0,-0.34467,0,-0.022086,-1.6327,1,-0.30771,0,0.07104
0.89683,7,1.1767e+07,1,5688,1.225,6.5104,0.37528,0.023894,-1486.1,6.7294e-05,265.87,434.07,-8.0151e+05,-8.0151e+05,0,44008,272.38,0.00014325,0.0097845,7.7136e-05,0.26886,-0.39047,-0.03009,-1.9861,2.7783,1.7894e-05,1.8269e-11,43993,0,-0.39047,0,-0.03009,-1.9861,1,-0.3089,0,0.065659
0.9101,7,1.1345e+07,1,5688,1.225,7.4375,0.37528,0.023894,-1453.1,6.7088e-05,269.8,440.49,-8.5068e+05,-8.5068e+05,0,43223,277.24,0.0001419,0.0097867,7.7396e-05,0.26717,-0.43509,-0.028102,-2.3933,2.9534,1.7894e-05,1.8832e-11,43206,0,-0.43509,0,-0.028102,-2.3933,1,-0.31,0,0.060257
0.92229,7,1.1298e+07,1,5688,1.225,8.6143,0.37528,0.023894,-1318.5,6.6929e-05,273.41,446.39,-9.4512e+05,-9.4512e+05,0,42735,282.03,0.000141,0.0098069,7.8163e-05,0.26638,-0.45996,-0.028392,-2.7956,3.1588,1.7894e-05,1.943e-11,42716,0,-0.45996,0,-0.028392,-2.7956,1,-0.311,0,0.054838
0.93226,7,1.1388e+07,1,5688,1.225,9.9128,0.37528,0.023894,-1200.6,6.6877e-05,276.37,451.21,-9.5816e+05,-9.5816e+05,0,42204,286.28,0.00014019,0.0098262,7.8772e-05,0.2656,-0.4709,-0.024898,-3.1839,3.3633,1.7894e-05,1.9922e-11,42184,0,-0.4709,0,-0.024898,-3.1839,1,-0.31191,0,0.049402
0.94154,7,1.1596e+07,1,5688,1.225,11.534,0.37528,0.023894,-618.88,6.6631e-05,279.12,455.71,-1.117e+06,-1.117e+06,0,41520,290.65,0.00013877,0.0098129,7.8613e-05,0.26357,-0.47569,-0.015273,-3.6138,3.6516,1.7894e-05,2.0122e-11,41496,0,-0.47569,0,-0.015273,-3.6138,1,-0.31273,0,0.043951
0.94944,7,1.1504e+07,1,5688,1.225,13.47,0.37528,0.023894,-1386.1,6.6335e-05,281.46,459.53,-1.2034e+06,-1.2034e+06,0,41294,294.93,0.00013742,0.0097979,7.8472e-05,0.26172,-0.46542,-0.027451,-4.0445,4.0728,1.7894e-05,2.0019e-11,41268,0,-0.46542,0,-0.027451,-4.0445,1,-0.31345,0,0.038486
0.95654,7,1.1669e+07,1,5688,1.225,15.433,0.37528,0.023894,-1197.4,6.592e-05,283.57,462.96,-1.5212e+06,-1.5212e+06,0,40962,299,0.00013588,0.0097742,7.8181e-05,0.25966,-0.43562,-0.022871,-4.4447,4.4669,1.7894e-05,1.9938e-11,40927,0,-0.43562,0,-0.022871,-4.4447,1,-0.31407,0,0.03301
0.96222,7,1.1717e+07,1,5688,1.225,17.496,0.37528,0.023894,-718.54,6.5457e-05,285.25,465.72,-1.351e+06,-1.351e+06,0,40701,302.75,0.00013418,0.0097443,7.7756e-05,0.25747,-0.39249,-0.017823,-4.8277,4.8443,1.7894e-05,1.9734e-11,40671,0,-0.39249,0,-0.017823,-4.8277,1,-0.3146,0,0.027524
0.96787,7,1.1855e+07,1,5688,1.225,19.529,0.37528,0.023894,-1046.3,6.4542e-05,286.93,468.45,-1.4624e+06,-1.4624e+06,0,40532,306.45,0.00013194,0.0096948,7.721e-05,0.25467,-0.33187,-0.021341,-5.1777,5.189,1.7894e-05,1.9514e-11,40498,0,-0.33187,0,-0.021341,-5.1777,1,-0.31503,0,0.022029
0.97285,7,1.1865e+07,1,5688,1.225,21.847,0.37528,0.023894,-1023.9,6.3291e-05,288.4,470.86,-1.5517e+06,-1.5517e+06,0,40001,310.25,0.00012917,0.0096223,7.6328e-05,0.25128,-0.26214,-0.021539,-5.5563,5.5629,1.7894e-05,1.9309e-11,39964,0,-0.26214,0,-0.021539,-5.5563,1,-0.31537,0,0.016528
0.97689,7,1.1598e+07,1,5688,1.225,24.186,0.37528,0.023894,-997.35,6.1945e-05,289.6,472.81,-1.5333e+06,-1.5333e+06,0,39624,313.78,0.00012624,0.0095459,7.5453e-05,0.248,-0.17553,-0.021072,-5.9082,5.9114,1.7894e-05,1.8993e-11,39588,0,-0.17553,0,-0.021072,-5.9082,1,-0.31561,0,0.011021
0.98023,7,1.1394e+07,1,5688,1.225,26.9,0.37528,0.023894,146.32,6.0892e-05,290.59,474.43,-1.6812e+06,-1.6812e+06,0,39055,317.49,0.00012337,0.0094645,7.4174e-05,0.2446,-0.082269,-0.0048361,-6.2924,6.2933,1.7894e-05,1.8602e-11,39014,0,-0.082269,0,-0.0048361,-6.2924,1,-0.31575,0,0.0055115
0.98321,7,1.1184e+07,1,5688,1.225,29.709,0.37528,0.023894,-87.976,5.9584e-05,291.47,475.87,-1.7613e+06,-1.7613e+06,0,38985,321.18,0.00012084,0.0093897,7.3364e-05,0.24077,0.028801,-0.0036144,-6.6593,6.6598,1.7894e-05,1.8071e-11,38941,0,0.028801,0,-0.0036144,-6.6593,1,-0.3158,0,3.8674e-17
